[{"model": "core.menuitem", "pk": 1, "fields": {"name": "√лавна€", "url": "http://127.0.0.1:8000/", "position": 1, "parent": 4, "lft": 2, "rght": 3, "tree_id": 2, "level": 1}}, {"model": "core.menuitem", "pk": 2, "fields": {"name": " аталог", "url": "http://127.0.0.1:8000/catalog/", "position": 2, "parent": 4, "lft": 4, "rght": 17, "tree_id": 2, "level": 1}}, {"model": "core.menuitem", "pk": 3, "fields": {"name": "ѕакер", "url": "http://127.0.0.1:8000/catalog/paker/", "position": 1, "parent": 2, "lft": 5, "rght": 6, "tree_id": 2, "level": 2}}, {"model": "core.menuitem", "pk": 4, "fields": {"name": "_root_", "url": "#", "position": 1, "parent": null, "lft": 1, "rght": 26, "tree_id": 2, "level": 0}}, {"model": "core.menuitem", "pk": 5, "fields": {"name": "ћуфта √–ѕ шарова€", "url": "http://127.0.0.1:8000/catalog/mufta_grp_sharovaiya/", "position": 2, "parent": 2, "lft": 7, "rght": 8, "tree_id": 2, "level": 2}}, {"model": "core.menuitem", "pk": 6, "fields": {"name": "ћуфта √–ѕ гидравлическа€", "url": "http://127.0.0.1:8000/catalog/mufta_grp_gidravlicheskaya/", "position": 3, "parent": 2, "lft": 9, "rght": 10, "tree_id": 2, "level": 2}}, {"model": "core.menuitem", "pk": 7, "fields": {"name": "ѕодвеска цементируема€", "url": "http://127.0.0.1:8000/catalog/poveska_cementiruimaya/", "position": 4, "parent": 2, "lft": 11, "rght": 12, "tree_id": 2, "level": 2}}, {"model": "core.menuitem", "pk": 8, "fields": {"name": "ћуфта √–ѕ шарова€ неуправл€ема€", "url": "http://127.0.0.1:8000/catalog/mufta_grp_sharovaiya_ne_upravliayiamaia/", "position": 6, "parent": 2, "lft": 15, "rght": 16, "tree_id": 2, "level": 2}}, {"model": "core.menuitem", "pk": 9, "fields": {"name": "ќ компании", "url": "http://127.0.0.1:8000/about/", "position": 5, "parent": 4, "lft": 22, "rght": 23, "tree_id": 2, "level": 1}}, {"model": "core.menuitem", "pk": 10, "fields": {"name": " онтакты", "url": "http://127.0.0.1:8000/contacts/", "position": 6, "parent": 4, "lft": 24, "rght": 25, "tree_id": 2, "level": 1}}, {"model": "core.menuitem", "pk": 11, "fields": {"name": "ѕодбор оборудовани€", "url": "http://127.0.0.1:8000/calculator/calculator/", "position": 3, "parent": 4, "lft": 18, "rght": 19, "tree_id": 2, "level": 1}}, {"model": "core.menuitem", "pk": 12, "fields": {"name": "ѕодбор комплекта ћ√–ѕ", "url": "http://127.0.0.1:8000/calculator/mgrp/", "position": 4, "parent": 4, "lft": 20, "rght": 21, "tree_id": 2, "level": 1}}, {"model": "core.menuitem", "pk": 13, "fields": {"name": "јктивационна€ муфта", "url": "http://127.0.0.1:8000/catalog/aktivacionnaya-mufta/", "position": 5, "parent": 2, "lft": 13, "rght": 14, "tree_id": 2, "level": 2}}, {"model": "website.mainpage", "pk": 2, "fields": {"main_image": "static/website/photo_2024-04-19_11-41-14.jpg", "about": "Ќаша команда Ц коллектив единомышленников с значительным производственным и нефтесервисным опытом по направлению внутрискважинного оборудовани€. ћы удел€ем особое внимание качеству выпускаемой техники и совершенствованию ее функциональных возможностей, а также стараемс€ максимально соответствовать требовани€м крупнейших –оссийских и зарубежных нефтегазовых компаний. ќтличительной чертой компании €вл€етс€ доказательный и гибкий подход при решении сложных и нестандартных задач, привод€щий к получению ожидаемого результата. ¬ нашем распор€жении производственный цех по сборке и испытани€м внутрискважинного оборудовани€, оснащенный современными IT решени€ми по обеспечению соблюдени€ —ћ  и регистрации параметров испытаний изделий, что гарантирует «аказчику стабильность и качество поставл€емой продукции. ћы непрерывно расшир€ем свои деловые св€зи и приглашаем к сотрудничеству заинтересованных лиц, «аказчиков, подр€дчиков и конкурентов.", "main_title": "Ќѕќ √–ѕ »нструмен - –ј«–јЅќ“ ј / ѕ–ќ»«¬ќƒ—“¬ќ / —≈–¬»—"}}, {"model": "website.partner", "pk": 1, "fields": {"name": "√азпромнефть", "image": "static/website/logo2.png"}}, {"model": "website.partner", "pk": 2, "fields": {"name": "Ћукойл", "image": "static/website/logo3.png"}}, {"model": "website.partner", "pk": 3, "fields": {"name": "—лавнефть", "image": "static/website/logo4.png"}}, {"model": "website.partner", "pk": 4, "fields": {"name": "–оснефть", "image": "static/website/logo5.png"}}, {"model": "website.advantages", "pk": 1, "fields": {"name": "√аранти€ качества", "text": "¬с€ продукци€ сертифицирована и выпускает по зарегистрированным техническим услови€м (ISO9001:2015)", "image": "static/advantages/1.png"}}, {"model": "website.advantages", "pk": 2, "fields": {"name": "ќтсутствие инцидентов", "text": "Ќа сегодн€шний день отсутствуют опыт инцидентов, аварий и неквалифицированного сервиса", "image": "static/advantages/2.png"}}, {"model": "website.advantages", "pk": 3, "fields": {"name": "Ѕольшой выбор", "text": "Ўирокий выбор оборудовани€ нижнего заканчивани€ скважин и скважинных фильтров", "image": "static/advantages/3.png"}}, {"model": "website.advantages", "pk": 4, "fields": {"name": "–азумна€ цена", "text": "ћы €вл€емс€ производителем, поэтому изготавливаем оборудование по оптимальным ценам", "image": "static/advantages/4.png"}}, {"model": "website.about", "pk": 1, "fields": {"text": "<p>Lorem ipsum dolor sit amet, consectetur adipiscing elit, sed do eiusmod tempor incididunt ut labore et dolore magna aliqua. Ut enim ad minim veniam, quis nostrud exercitation ullamco laboris nisi ut aliquip ex ea commodo consequat. Duis aute irure dolor in reprehenderit in voluptate velit esse cillum dolore eu fugiat nulla pariatur. Excepteur sint occaecat cupidatat non proident, sunt in culpa qui officia deserunt mollit anim id est laborum.</p>\r\n<p>Ћюб€, съешь щипцы, &mdash; вздохнЄт мэр, &mdash; кайф жгуч. Ўеф взъ€рЄн тчк щипцы с эхом гудбай ∆юль. Ёй, жлоб! √де туз? ѕр€чь юных съЄмщиц в шкаф. Ёкс-граф? ѕлюш изъ€т. ЅьЄм чуждый цен хвощ! Ёх, чужак! ќбщий съЄм цен шл€п (юфть) &mdash; вдрызг! <strong>Ёх, чужд кайф, сплющь объЄм вши, гр</strong>ыз€ цент. „ушь: гид вЄз кэб цапф, юный жмот съел хр€щ.</p>", "title": "Ќаша компани€"}}, {"model": "website.contacts", "pk": 1, "fields": {"email": "info@grpi.ru", "telephone": "8(4912)47-00-06", "adress": "390047, г.–€зань, ¬осточна€ окружна€ дорога, д.10, каб.302"}}, {"model": "website.type", "pk": 1, "fields": {"name": "ѕакер", "slug": "paker", "image": "static/img/type/l_b89c4a71.jpg", "inmgrp": true, "incalc": true, "public": true, "seo_description": "—упер пакер", "seo_keywords": "ѕакера, много", "created": "2024-05-24", "updated": "2024-05-24"}}, {"model": "website.type", "pk": 2, "fields": {"name": "Ўарова€ муфта", "slug": "mufta_grp_sharovaiya", "image": "static/img/type/l_b89c4a71_f7HuExi.jpg", "inmgrp": true, "incalc": true, "public": true, "seo_description": "", "seo_keywords": "", "created": "2024-05-24", "updated": "2024-05-24"}}, {"model": "website.type", "pk": 3, "fields": {"name": "√идравлическа€ муфта", "slug": "mufta_grp_gidravlicheskaya", "image": "static/img/type/l_b89c4a71_I4BBrOk.jpg", "inmgrp": true, "incalc": true, "public": true, "seo_description": "", "seo_keywords": "", "created": "2024-05-24", "updated": "2024-05-24"}}, {"model": "website.type", "pk": 4, "fields": {"name": "ѕодвеска цементируема€", "slug": "poveska_cementiruimaya", "image": "static/img/type/l_b89c4a71_DvIC9jU.jpg", "inmgrp": false, "incalc": true, "public": true, "seo_description": "", "seo_keywords": "", "created": "2024-05-24", "updated": "2024-05-24"}}, {"model": "website.type", "pk": 5, "fields": {"name": "Ўарова€ неуправл€ема€ муфта", "slug": "mufta_grp_sharovaiya_ne_upravliayiamaia", "image": "static/img/type/l_b89c4a71_i7Y5ZwP.jpg", "inmgrp": false, "incalc": true, "public": true, "seo_description": "", "seo_keywords": "", "created": "2024-05-24", "updated": "2024-05-24"}}, {"model": "website.type", "pk": 7, "fields": {"name": "јктивационна€ муфта", "slug": "aktivacionnaya-mufta", "image": "static/img/type/s1200-30-1.jpg", "inmgrp": true, "incalc": true, "public": true, "seo_description": "", "seo_keywords": "", "created": "2024-05-24", "updated": "2024-05-24"}}, {"model": "website.diametershank", "pk": 1, "fields": {"meaning": 102}}, {"model": "website.diametershank", "pk": 2, "fields": {"meaning": 114}}, {"model": "website.diametershank", "pk": 3, "fields": {"meaning": 127}}, {"model": "website.diametershank", "pk": 4, "fields": {"meaning": 178}}, {"model": "website.diametershank", "pk": 5, "fields": {"meaning": 194}}, {"model": "website.diametercolumn", "pk": 3, "fields": {"meaning": 140}}, {"model": "website.diametercolumn", "pk": 4, "fields": {"meaning": 146}}, {"model": "website.diametercolumn", "pk": 5, "fields": {"meaning": 168}}, {"model": "website.diametercolumn", "pk": 6, "fields": {"meaning": 178}}, {"model": "website.diametercolumn", "pk": 7, "fields": {"meaning": 245}}, {"model": "website.diameteropenborehole", "pk": 1, "fields": {"meaning": "123.8"}}, {"model": "website.diameteropenborehole", "pk": 2, "fields": {"meaning": "126.0"}}, {"model": "website.diameteropenborehole", "pk": 3, "fields": {"meaning": "142.9"}}, {"model": "website.diameteropenborehole", "pk": 4, "fields": {"meaning": "146.0"}}, {"model": "website.diameteropenborehole", "pk": 5, "fields": {"meaning": "152.4"}}, {"model": "website.diameteropenborehole", "pk": 6, "fields": {"meaning": "155.6"}}, {"model": "website.diameteropenborehole", "pk": 7, "fields": {"meaning": "120.6"}}, {"model": "website.diameteropenborehole", "pk": 11, "fields": {"meaning": "215.9"}}, {"model": "website.diameteropenborehole", "pk": 12, "fields": {"meaning": "220.7"}}, {"model": "website.product", "pk": 1, "fields": {"name": "Ft203.102.118", "type": 1, "description": "<p>Lorem ipsum dolor sit amet, consectetur adipiscing elit, sed do eiusmod tempor incididunt ut labore et dolore magna aliqua. Ut enim ad minim veniam, quis nostrud exercitation ullamco laboris nisi ut aliquip ex ea commodo consequat. Duis aute irure dolor in reprehenderit in voluptate velit esse cillum dolore eu fugiat nulla pariatur. Excepteur sint occaecat cupidatat non proident, sunt in culpa qui officia deserunt mollit anim id est laborum.</p>\r\n<p><strong>Ћюб€,</strong><em> съешь щипцы</em>, &mdash;<span style=\"background-color: #ced4d9;\"> вздохнЄт мэр, </span>&mdash; кайф жгуч.</p>\r\n<p style=\"text-align: center;\">Ўеф взъ€рЄн тчк щипцы с эхом гудбай ∆юль.</p>\r\n<ul>\r\n<li>Ёй, жлоб! √де туз? ѕр€чь юных съЄмщиц в шкаф.</li>\r\n<li>Ёкс-граф? ѕлюш изъ€т. ЅьЄм чуждый цен хвощ!</li>\r\n<li>Ёх, чужак! ќбщий съЄм цен шл€п (юфть) &mdash; вдрызг! Ёх, чужд кайф, сплющь объЄм вши, грыз€ цент. „ушь: гид вЄз кэб цапф, юный жмот съел хр€щ.</li>\r\n</ul>", "image": "static/img/product/I6inubIBopA_Ws02zVE.jpg", "price": 85000.0, "slug": "ft203_102_118", "fitting_outer_diameter": "118.00", "fitting_inner_diameter": "88.00", "fitting_length": "640.00", "incalc": true, "public": true, "seo_description": "ѕакер фт что-то там", "seo_keywords": "ѕакре, ей, хочу", "created": "2024-05-24", "updated": "2024-05-24", "diameter_column": [3, 4], "diameter_shank": [1], "diameter_open_borehole": [1, 2]}}, {"model": "website.product", "pk": 2, "fields": {"name": "Ft203.114.136", "type": 1, "description": "ќписание: Lorem ipsum dolor sit amet, consectetur adipiscing elit, sed do eiusmod tempor incididunt ut labore et dolore magna aliqua. Ut enim ad minim veniam, quis nostrud exercitation ullamco laboris nisi ut aliquip ex ea commodo consequat. Duis aute irure dolor in reprehenderit in voluptate velit esse cillum dolore eu fugiat nulla pariatur. Excepteur sint occaecat cupidatat non proident, sunt in culpa qui officia deserunt mollit anim id est laborum. Ћюб€, съешь щипцы, Ч вздохнЄт мэр, Ч кайф жгуч. Ўеф взъ€рЄн тчк щипцы с эхом гудбай ∆юль. Ёй, жлоб! √де туз? ѕр€чь юных съЄмщиц в шкаф. Ёкс-граф? ѕлюш изъ€т. ЅьЄм чуждый цен хвощ! Ёх, чужак! ќбщий съЄм цен шл€п (юфть) Ч вдрызг! Ёх, чужд кайф, сплющь объЄм вши, грыз€ цент. „ушь: гид вЄз кэб цапф, юный жмот съел хр€щ.", "image": "static/img/product/s1200-30-1.jpg", "price": 92000.0, "slug": "ft203114136", "fitting_outer_diameter": "136.00", "fitting_inner_diameter": "97.00", "fitting_length": "720.00", "incalc": true, "public": true, "seo_description": "", "seo_keywords": "", "created": "2024-05-24", "updated": "2024-05-24", "diameter_column": [5, 6], "diameter_shank": [2], "diameter_open_borehole": [3, 4]}}, {"model": "website.product", "pk": 3, "fields": {"name": "Ft203.114.143", "type": 1, "description": "ќписание: ќписание: Lorem ipsum dolor sit amet, consectetur adipiscing elit, sed do eiusmod tempor incididunt ut labore et dolore magna aliqua. Ut enim ad minim veniam, quis nostrud exercitation ullamco laboris nisi ut aliquip ex ea commodo consequat. Duis aute irure dolor in reprehenderit in voluptate velit esse cillum dolore eu fugiat nulla pariatur. Excepteur sint occaecat cupidatat non proident, sunt in culpa qui officia deserunt mollit anim id est laborum. Ћюб€, съешь щипцы, Ч вздохнЄт мэр, Ч кайф жгуч. Ўеф взъ€рЄн тчк щипцы с эхом гудбай ∆юль. Ёй, жлоб! √де туз? ѕр€чь юных съЄмщиц в шкаф. Ёкс-граф? ѕлюш изъ€т. ЅьЄм чуждый цен хвощ! Ёх, чужак! ќбщий съЄм цен шл€п (юфть) Ч вдрызг! Ёх, чужд кайф, сплющь объЄм вши, грыз€ цент. „ушь: гид вЄз кэб цапф, юный жмот съел хр€щ.", "image": "static/img/product/1688416652_new_pr.jpg", "price": 95000.0, "slug": "ft203114143", "fitting_outer_diameter": "143.00", "fitting_inner_diameter": "99.00", "fitting_length": "720.00", "incalc": true, "public": true, "seo_description": "", "seo_keywords": "", "created": "2024-05-24", "updated": "2024-05-24", "diameter_column": [6], "diameter_shank": [2], "diameter_open_borehole": [5]}}, {"model": "website.product", "pk": 4, "fields": {"name": "Ft203.114.146", "type": 1, "description": "ќписание: ќписание: Lorem ipsum dolor sit amet, consectetur adipiscing elit, sed do eiusmod tempor incididunt ut labore et dolore magna aliqua. Ut enim ad minim veniam, quis nostrud exercitation ullamco laboris nisi ut aliquip ex ea commodo consequat. Duis aute irure dolor in reprehenderit in voluptate velit esse cillum dolore eu fugiat nulla pariatur. Excepteur sint occaecat cupidatat non proident, sunt in culpa qui officia deserunt mollit anim id est laborum. Ћюб€, съешь щипцы, Ч вздохнЄт мэр, Ч кайф жгуч. Ўеф взъ€рЄн тчк щипцы с эхом гудбай ∆юль. Ёй, жлоб! √де туз? ѕр€чь юных съЄмщиц в шкаф. Ёкс-граф? ѕлюш изъ€т. ЅьЄм чуждый цен хвощ! Ёх, чужак! ќбщий съЄм цен шл€п (юфть) Ч вдрызг! Ёх, чужд кайф, сплющь объЄм вши, грыз€ цент. „ушь: гид вЄз кэб цапф, юный жмот съел хр€щ.", "image": "static/img/product/s1200-30-1_vMNTeaV.jpg", "price": 99000.0, "slug": "ft203114146", "fitting_outer_diameter": "146.00", "fitting_inner_diameter": "99.00", "fitting_length": "720.00", "incalc": true, "public": true, "seo_description": "", "seo_keywords": "", "created": "2024-05-24", "updated": "2024-05-24", "diameter_column": [6], "diameter_shank": [2], "diameter_open_borehole": [6]}}, {"model": "website.product", "pk": 5, "fields": {"name": "Ft401.102.116", "type": 2, "description": "ќписание: ќписание: Lorem ipsum dolor sit amet, consectetur adipiscing elit, sed do eiusmod tempor incididunt ut labore et dolore magna aliqua. Ut enim ad minim veniam, quis nostrud exercitation ullamco laboris nisi ut aliquip ex ea commodo consequat. Duis aute irure dolor in reprehenderit in voluptate velit esse cillum dolore eu fugiat nulla pariatur. Excepteur sint occaecat cupidatat non proident, sunt in culpa qui officia deserunt mollit anim id est laborum. Ћюб€, съешь щипцы, Ч вздохнЄт мэр, Ч кайф жгуч. Ўеф взъ€рЄн тчк щипцы с эхом гудбай ∆юль. Ёй, жлоб! √де туз? ѕр€чь юных съЄмщиц в шкаф. Ёкс-граф? ѕлюш изъ€т. ЅьЄм чуждый цен хвощ! Ёх, чужак! ќбщий съЄм цен шл€п (юфть) Ч вдрызг! Ёх, чужд кайф, сплющь объЄм вши, грыз€ цент. „ушь: гид вЄз кэб цапф, юный жмот съел хр€щ.", "image": "static/img/product/unnamed_1.jpg", "price": 62000.0, "slug": "ft401102116", "fitting_outer_diameter": "116.00", "fitting_inner_diameter": "88.00", "fitting_length": "610.00", "incalc": true, "public": true, "seo_description": "", "seo_keywords": "", "created": "2024-05-24", "updated": "2024-05-24", "diameter_column": [3, 4], "diameter_shank": [1], "diameter_open_borehole": [1, 2, 7]}}, {"model": "website.product", "pk": 6, "fields": {"name": "Ft401.114.136", "type": 2, "description": "Lorem ipsum dolor sit amet, consectetur adipiscing elit, sed do eiusmod tempor incididunt ut labore et dolore magna aliqua. Ut enim ad minim veniam, \r\nquis nostrud exercitation ullamco laboris nisi ut aliquip ex ea commodo consequat. Duis aute irure dolor in reprehenderit in voluptate velit esse cillum dolore eu fugiat nulla pariatur. \r\nExcepteur sint occaecat cupidatat non proident, sunt in culpa qui officia deserunt mollit anim id est laborum. Ћюб€, съешь щипцы, Ч вздохнЄт мэр, Ч кайф жгуч. \r\nЎеф взъ€рЄн тчк щипцы с эхом гудбай ∆юль. Ёй, жлоб! √де туз? ѕр€чь юных съЄмщиц в шкаф. Ёкс-граф? ѕлюш изъ€т. ЅьЄм чуждый цен хвощ! Ёх, чужак! ќбщий съЄм цен шл€п (юфть) Ч вдрызг! \r\nЁх, чужд кайф, сплющь объЄм вши, грыз€ цент. „ушь: гид вЄз кэб цапф, юный жмот съел хр€щ.", "image": "static/img/product/unnamed.jpg", "price": 69000.0, "slug": "ft401114136", "fitting_outer_diameter": "136.00", "fitting_inner_diameter": "99.00", "fitting_length": "610.00", "incalc": true, "public": true, "seo_description": "", "seo_keywords": "", "created": "2024-05-24", "updated": "2024-05-24", "diameter_column": [5, 6], "diameter_shank": [2], "diameter_open_borehole": [3, 4, 5, 6]}}, {"model": "website.product", "pk": 7, "fields": {"name": "Ft403.102.116", "type": 3, "description": "Lorem ipsum dolor sit amet, consectetur adipiscing elit, sed do eiusmod tempor incididunt ut labore et dolore magna aliqua. Ut enim ad minim veniam, \r\nquis nostrud exercitation ullamco laboris nisi ut aliquip ex ea commodo consequat. Duis aute irure dolor in reprehenderit in voluptate velit esse cillum dolore eu fugiat nulla pariatur. \r\nExcepteur sint occaecat cupidatat non proident, sunt in culpa qui officia deserunt mollit anim id est laborum. Ћюб€, съешь щипцы, Ч вздохнЄт мэр, Ч кайф жгуч. \r\nЎеф взъ€рЄн тчк щипцы с эхом гудбай ∆юль. Ёй, жлоб! √де туз? ѕр€чь юных съЄмщиц в шкаф. Ёкс-граф? ѕлюш изъ€т. ЅьЄм чуждый цен хвощ! Ёх, чужак! ќбщий съЄм цен шл€п (юфть) Ч вдрызг! \r\nЁх, чужд кайф, сплющь объЄм вши, грыз€ цент. „ушь: гид вЄз кэб цапф, юный жмот съел хр€щ.", "image": "static/img/product/unnamed_1_kywIfXU.jpg", "price": 72000.0, "slug": "ft403102116", "fitting_outer_diameter": "116.00", "fitting_inner_diameter": "88.00", "fitting_length": "660.00", "incalc": true, "public": true, "seo_description": "", "seo_keywords": "", "created": "2024-05-24", "updated": "2024-05-24", "diameter_column": [3, 4], "diameter_shank": [1], "diameter_open_borehole": [1, 2, 7]}}, {"model": "website.product", "pk": 8, "fields": {"name": "Ft403.114.136", "type": 3, "description": "Lorem ipsum dolor sit amet, consectetur adipiscing elit, sed do eiusmod tempor incididunt ut labore et dolore magna aliqua. Ut enim ad minim veniam, \r\nquis nostrud exercitation ullamco laboris nisi ut aliquip ex ea commodo consequat. Duis aute irure dolor in reprehenderit in voluptate velit esse cillum dolore eu fugiat nulla pariatur. \r\nExcepteur sint occaecat cupidatat non proident, sunt in culpa qui officia deserunt mollit anim id est laborum. Ћюб€, съешь щипцы, Ч вздохнЄт мэр, Ч кайф жгуч. \r\nЎеф взъ€рЄн тчк щипцы с эхом гудбай ∆юль. Ёй, жлоб! √де туз? ѕр€чь юных съЄмщиц в шкаф. Ёкс-граф? ѕлюш изъ€т. ЅьЄм чуждый цен хвощ! Ёх, чужак! ќбщий съЄм цен шл€п (юфть) Ч вдрызг! \r\nЁх, чужд кайф, сплющь объЄм вши, грыз€ цент. „ушь: гид вЄз кэб цапф, юный жмот съел хр€щ.", "image": "static/img/product/1688416652_new_pr_yCRPUhu.jpg", "price": 77000.0, "slug": "ft403114136", "fitting_outer_diameter": "136.00", "fitting_inner_diameter": "99.00", "fitting_length": "660.00", "incalc": true, "public": true, "seo_description": "", "seo_keywords": "", "created": "2024-05-24", "updated": "2024-05-24", "diameter_column": [5, 6], "diameter_shank": [2], "diameter_open_borehole": [3, 4, 5, 6]}}, {"model": "website.product", "pk": 9, "fields": {"name": "ѕ’–÷.1.102.146", "type": 4, "description": "Lorem ipsum dolor sit amet, consectetur adipiscing elit, sed do eiusmod tempor incididunt ut labore et dolore magna aliqua. Ut enim ad minim veniam, \r\nquis nostrud exercitation ullamco laboris nisi ut aliquip ex ea commodo consequat. Duis aute irure dolor in reprehenderit in voluptate velit esse cillum dolore eu fugiat nulla pariatur. \r\nExcepteur sint occaecat cupidatat non proident, sunt in culpa qui officia deserunt mollit anim id est laborum. Ћюб€, съешь щипцы, Ч вздохнЄт мэр, Ч кайф жгуч. \r\nЎеф взъ€рЄн тчк щипцы с эхом гудбай ∆юль. Ёй, жлоб! √де туз? ѕр€чь юных съЄмщиц в шкаф. Ёкс-граф? ѕлюш изъ€т. ЅьЄм чуждый цен хвощ! Ёх, чужак! ќбщий съЄм цен шл€п (юфть) Ч вдрызг! \r\nЁх, чужд кайф, сплющь объЄм вши, грыз€ цент. „ушь: гид вЄз кэб цапф, юный жмот съел хр€щ.", "image": "static/img/product/s1200-30-1_G8tl5Kl.jpg", "price": 27000.0, "slug": "phrc1102146", "fitting_outer_diameter": "122.00", "fitting_inner_diameter": "88.00", "fitting_length": "3400.00", "incalc": true, "public": true, "seo_description": "", "seo_keywords": "", "created": "2024-05-24", "updated": "2024-05-24", "diameter_column": [4], "diameter_shank": [1], "diameter_open_borehole": [1, 2, 7]}}, {"model": "website.product", "pk": 10, "fields": {"name": "ѕ’–÷.1.114.168", "type": 4, "description": "Lorem ipsum dolor sit amet, consectetur adipiscing elit, sed do eiusmod tempor incididunt ut labore et dolore magna aliqua. Ut enim ad minim veniam, \r\nquis nostrud exercitation ullamco laboris nisi ut aliquip ex ea commodo consequat. Duis aute irure dolor in reprehenderit in voluptate velit esse cillum dolore eu fugiat nulla pariatur. \r\nExcepteur sint occaecat cupidatat non proident, sunt in culpa qui officia deserunt mollit anim id est laborum. Ћюб€, съешь щипцы, Ч вздохнЄт мэр, Ч кайф жгуч. \r\nЎеф взъ€рЄн тчк щипцы с эхом гудбай ∆юль. Ёй, жлоб! √де туз? ѕр€чь юных съЄмщиц в шкаф. Ёкс-граф? ѕлюш изъ€т. ЅьЄм чуждый цен хвощ! Ёх, чужак! ќбщий съЄм цен шл€п (юфть) Ч вдрызг! \r\nЁх, чужд кайф, сплющь объЄм вши, грыз€ цент. „ушь: гид вЄз кэб цапф, юный жмот съел хр€щ.", "image": "static/img/product/unnamed_lAsyerd.jpg", "price": 31000.0, "slug": "phrc1114168", "fitting_outer_diameter": "141.00", "fitting_inner_diameter": "99.00", "fitting_length": "3510.00", "incalc": true, "public": true, "seo_description": "", "seo_keywords": "", "created": "2024-05-24", "updated": "2024-05-24", "diameter_column": [5], "diameter_shank": [2], "diameter_open_borehole": [3, 4]}}, {"model": "website.product", "pk": 11, "fields": {"name": "ѕ’–÷.1.114.178", "type": 4, "description": "Lorem ipsum dolor sit amet, consectetur adipiscing elit, sed do eiusmod tempor incididunt ut labore et dolore magna aliqua. Ut enim ad minim veniam, \r\nquis nostrud exercitation ullamco laboris nisi ut aliquip ex ea commodo consequat. Duis aute irure dolor in reprehenderit in voluptate velit esse cillum dolore eu fugiat nulla pariatur. \r\nExcepteur sint occaecat cupidatat non proident, sunt in culpa qui officia deserunt mollit anim id est laborum. Ћюб€, съешь щипцы, Ч вздохнЄт мэр, Ч кайф жгуч. \r\nЎеф взъ€рЄн тчк щипцы с эхом гудбай ∆юль. Ёй, жлоб! √де туз? ѕр€чь юных съЄмщиц в шкаф. Ёкс-граф? ѕлюш изъ€т. ЅьЄм чуждый цен хвощ! Ёх, чужак! ќбщий съЄм цен шл€п (юфть) Ч вдрызг! \r\nЁх, чужд кайф, сплющь объЄм вши, грыз€ цент. „ушь: гид вЄз кэб цапф, юный жмот съел хр€щ.", "image": "static/img/product/1682970985_gagaru-club-p-dva-milikh-kotenka-pinterest-7.jpg", "price": 32500.0, "slug": "phrc1114178", "fitting_outer_diameter": "152.00", "fitting_inner_diameter": "99.00", "fitting_length": "3510.00", "incalc": true, "public": true, "seo_description": "", "seo_keywords": "", "created": "2024-05-24", "updated": "2024-05-24", "diameter_column": [6], "diameter_shank": [2], "diameter_open_borehole": [3, 4, 5, 6]}}, {"model": "website.product", "pk": 12, "fields": {"name": "ѕ’–÷.1.194.245", "type": 4, "description": "Lorem ipsum dolor sit amet, consectetur adipiscing elit, sed do eiusmod tempor incididunt ut labore et dolore magna aliqua. Ut enim ad minim veniam, \r\nquis nostrud exercitation ullamco laboris nisi ut aliquip ex ea commodo consequat. Duis aute irure dolor in reprehenderit in voluptate velit esse cillum dolore eu fugiat nulla pariatur. \r\nExcepteur sint occaecat cupidatat non proident, sunt in culpa qui officia deserunt mollit anim id est laborum. Ћюб€, съешь щипцы, Ч вздохнЄт мэр, Ч кайф жгуч. \r\nЎеф взъ€рЄн тчк щипцы с эхом гудбай ∆юль. Ёй, жлоб! √де туз? ѕр€чь юных съЄмщиц в шкаф. Ёкс-граф? ѕлюш изъ€т. ЅьЄм чуждый цен хвощ! Ёх, чужак! ќбщий съЄм цен шл€п (юфть) Ч вдрызг! \r\nЁх, чужд кайф, сплющь объЄм вши, грыз€ цент. „ушь: гид вЄз кэб цапф, юный жмот съел хр€щ.", "image": "static/img/product/1688416652_new_pr_A0ox9aU.jpg", "price": 10300.0, "slug": "phrc1194245", "fitting_outer_diameter": "215.00", "fitting_inner_diameter": "172.00", "fitting_length": "3440.00", "incalc": true, "public": true, "seo_description": "", "seo_keywords": "", "created": "2024-05-24", "updated": "2024-05-24", "diameter_column": [7], "diameter_shank": [5], "diameter_open_borehole": [11, 12]}}, {"model": "website.product", "pk": 13, "fields": {"name": "FT402.114.127", "type": 5, "description": "Lorem ipsum dolor sit amet, consectetur adipiscing elit, sed do eiusmod tempor incididunt ut labore et dolore magna aliqua. Ut enim ad minim veniam, \r\nquis nostrud exercitation ullamco laboris nisi ut aliquip ex ea commodo consequat. Duis aute irure dolor in reprehenderit in voluptate velit esse cillum dolore eu fugiat nulla pariatur. \r\nExcepteur sint occaecat cupidatat non proident, sunt in culpa qui officia deserunt mollit anim id est laborum. Ћюб€, съешь щипцы, Ч вздохнЄт мэр, Ч кайф жгуч. \r\nЎеф взъ€рЄн тчк щипцы с эхом гудбай ∆юль. Ёй, жлоб! √де туз? ѕр€чь юных съЄмщиц в шкаф. Ёкс-граф? ѕлюш изъ€т. ЅьЄм чуждый цен хвощ! Ёх, чужак! ќбщий съЄм цен шл€п (юфть) Ч вдрызг! \r\nЁх, чужд кайф, сплющь объЄм вши, грыз€ цент. „ушь: гид вЄз кэб цапф, юный жмот съел хр€щ.", "image": "static/img/product/s1200-30-1_TS5EGd5.jpg", "price": 52000.0, "slug": "ft402114127", "fitting_outer_diameter": "136.00", "fitting_inner_diameter": "99.00", "fitting_length": "610.00", "incalc": true, "public": true, "seo_description": "", "seo_keywords": "", "created": "2024-05-24", "updated": "2024-05-24", "diameter_column": [5, 6], "diameter_shank": [2], "diameter_open_borehole": [3, 4, 5, 6]}}, {"model": "website.product", "pk": 14, "fields": {"name": "ѕ’–÷.1.178.245", "type": 4, "description": "Lorem ipsum dolor sit amet, consectetur adipiscing elit, sed do eiusmod tempor incididunt ut labore et dolore magna aliqua. Ut enim ad minim veniam, \r\nquis nostrud exercitation ullamco laboris nisi ut aliquip ex ea commodo consequat. Duis aute irure dolor in reprehenderit in voluptate velit esse cillum dolore eu fugiat nulla pariatur. \r\nExcepteur sint occaecat cupidatat non proident, sunt in culpa qui officia deserunt mollit anim id est laborum. Ћюб€, съешь щипцы, Ч вздохнЄт мэр, Ч кайф жгуч. \r\nЎеф взъ€рЄн тчк щипцы с эхом гудбай ∆юль. Ёй, жлоб! √де туз? ѕр€чь юных съЄмщиц в шкаф. Ёкс-граф? ѕлюш изъ€т. ЅьЄм чуждый цен хвощ! Ёх, чужак! ќбщий съЄм цен шл€п (юфть) Ч вдрызг! \r\nЁх, чужд кайф, сплющь объЄм вши, грыз€ цент. „ушь: гид вЄз кэб цапф, юный жмот съел хр€щ.", "image": "static/img/product/unnamed_1_f3kye8B.jpg", "price": 83000.0, "slug": "phrc1178245", "fitting_outer_diameter": "211.00", "fitting_inner_diameter": "159.00", "fitting_length": "3550.00", "incalc": true, "public": true, "seo_description": "", "seo_keywords": "", "created": "2024-05-24", "updated": "2024-05-24", "diameter_column": [7], "diameter_shank": [4], "diameter_open_borehole": [11, 12]}}, {"model": "website.product", "pk": 15, "fields": {"name": "Ft601.102.114", "type": 7, "description": "Lorem ipsum dolor sit amet, consectetur adipiscing elit, sed do eiusmod tempor incididunt ut labore et dolore magna aliqua. Ut enim ad minim veniam, \r\nquis nostrud exercitation ullamco laboris nisi ut aliquip ex ea commodo consequat. Duis aute irure dolor in reprehenderit in voluptate velit esse cillum dolore eu fugiat nulla pariatur. \r\nExcepteur sint occaecat cupidatat non proident, sunt in culpa qui officia deserunt mollit anim id est laborum. Ћюб€, съешь щипцы, Ч вздохнЄт мэр, Ч кайф жгуч. \r\nЎеф взъ€рЄн тчк щипцы с эхом гудбай ∆юль. Ёй, жлоб! √де туз? ѕр€чь юных съЄмщиц в шкаф. Ёкс-граф? ѕлюш изъ€т. ЅьЄм чуждый цен хвощ! Ёх, чужак! ќбщий съЄм цен шл€п (юфть) Ч вдрызг! \r\nЁх, чужд кайф, сплющь объЄм вши, грыз€ цент. „ушь: гид вЄз кэб цапф, юный жмот съел хр€щ.", "image": "static/img/product/1682970985_gagaru-club-p-dva-milikh-kotenka-pinterest-7_b00GPcN.jpg", "price": 70000.0, "slug": "ft601102114", "fitting_outer_diameter": "114.00", "fitting_inner_diameter": "88.00", "fitting_length": "500.00", "incalc": true, "public": true, "seo_description": "", "seo_keywords": "", "created": "2024-05-24", "updated": "2024-05-24", "diameter_column": [3, 4], "diameter_shank": [1], "diameter_open_borehole": [1, 2, 7]}}, {"model": "website.product", "pk": 16, "fields": {"name": "FTt601.114.127", "type": 7, "description": "Lorem ipsum dolor sit amet, consectetur adipiscing elit, sed do eiusmod tempor incididunt ut labore et dolore magna aliqua. Ut enim ad minim veniam, \r\nquis nostrud exercitation ullamco laboris nisi ut aliquip ex ea commodo consequat. Duis aute irure dolor in reprehenderit in voluptate velit esse cillum dolore eu fugiat nulla pariatur. \r\nExcepteur sint occaecat cupidatat non proident, sunt in culpa qui officia deserunt mollit anim id est laborum. Ћюб€, съешь щипцы, Ч вздохнЄт мэр, Ч кайф жгуч. \r\nЎеф взъ€рЄн тчк щипцы с эхом гудбай ∆юль. Ёй, жлоб! √де туз? ѕр€чь юных съЄмщиц в шкаф. Ёкс-граф? ѕлюш изъ€т. ЅьЄм чуждый цен хвощ! Ёх, чужак! ќбщий съЄм цен шл€п (юфть) Ч вдрызг! \r\nЁх, чужд кайф, сплющь объЄм вши, грыз€ цент. „ушь: гид вЄз кэб цапф, юный жмот съел хр€щ.", "image": "static/img/product/unnamed_m6O3sL1.jpg", "price": 75000.0, "slug": "ft601114127", "fitting_outer_diameter": "127.00", "fitting_inner_diameter": "97.00", "fitting_length": "500.00", "incalc": true, "public": true, "seo_description": "", "seo_keywords": "", "created": "2024-05-24", "updated": "2024-05-24", "diameter_column": [5, 6], "diameter_shank": [2], "diameter_open_borehole": [3, 4, 5, 6]}}, {"model": "admin.logentry", "pk": 1, "fields": {"action_time": "2024-04-19T11:34:09.321Z", "user": 1, "content_type": 7, "object_id": "1", "object_repr": "Ќѕќ √–ѕ »нструмен - –ј«–јЅќ“ ј / ѕ–ќ»«¬ќƒ—“¬ќ / —≈–¬»—", "action_flag": 1, "change_message": "[{\"added\": {}}]"}}, {"model": "admin.logentry", "pk": 2, "fields": {"action_time": "2024-04-19T11:50:49.909Z", "user": 1, "content_type": 7, "object_id": "1", "object_repr": "Ќѕќ √–ѕ »нструмен - –ј«–јЅќ“ ј / ѕ–ќ»«¬ќƒ—“¬ќ / —≈–¬»—", "action_flag": 3, "change_message": ""}}, {"model": "admin.logentry", "pk": 3, "fields": {"action_time": "2024-04-19T11:51:07.523Z", "user": 1, "content_type": 7, "object_id": "2", "object_repr": "Ќѕќ √–ѕ »нструмен - –ј«–јЅќ“ ј / ѕ–ќ»«¬ќƒ—“¬ќ / —≈–¬»—", "action_flag": 1, "change_message": "[{\"added\": {}}]"}}, {"model": "admin.logentry", "pk": 4, "fields": {"action_time": "2024-04-22T06:41:53.784Z", "user": 1, "content_type": 8, "object_id": "1", "object_repr": "√азпромнефть", "action_flag": 1, "change_message": "[{\"added\": {}}]"}}, {"model": "admin.logentry", "pk": 5, "fields": {"action_time": "2024-04-22T06:42:03.765Z", "user": 1, "content_type": 8, "object_id": "2", "object_repr": "Ћукойл", "action_flag": 1, "change_message": "[{\"added\": {}}]"}}, {"model": "admin.logentry", "pk": 6, "fields": {"action_time": "2024-04-22T06:42:13.829Z", "user": 1, "content_type": 8, "object_id": "3", "object_repr": "—лавнефть", "action_flag": 1, "change_message": "[{\"added\": {}}]"}}, {"model": "admin.logentry", "pk": 7, "fields": {"action_time": "2024-04-22T06:42:24.547Z", "user": 1, "content_type": 8, "object_id": "4", "object_repr": "–оснефть", "action_flag": 1, "change_message": "[{\"added\": {}}]"}}, {"model": "admin.logentry", "pk": 8, "fields": {"action_time": "2024-04-22T07:42:20.816Z", "user": 1, "content_type": 2, "object_id": "1", "object_repr": "√аранти€ качества", "action_flag": 1, "change_message": "[{\"added\": {}}]"}}, {"model": "admin.logentry", "pk": 9, "fields": {"action_time": "2024-04-22T07:42:45.999Z", "user": 1, "content_type": 2, "object_id": "2", "object_repr": "ќтсутствие инцидентов", "action_flag": 1, "change_message": "[{\"added\": {}}]"}}, {"model": "admin.logentry", "pk": 10, "fields": {"action_time": "2024-04-22T07:43:05.918Z", "user": 1, "content_type": 2, "object_id": "3", "object_repr": "Ѕольшой выбор", "action_flag": 1, "change_message": "[{\"added\": {}}]"}}, {"model": "admin.logentry", "pk": 11, "fields": {"action_time": "2024-04-22T07:43:24.712Z", "user": 1, "content_type": 2, "object_id": "4", "object_repr": "–азумна€ цена", "action_flag": 1, "change_message": "[{\"added\": {}}]"}}, {"model": "admin.logentry", "pk": 12, "fields": {"action_time": "2024-04-22T10:15:18.183Z", "user": 1, "content_type": 1, "object_id": "1", "object_repr": "Ќаша компани€", "action_flag": 1, "change_message": "[{\"added\": {}}]"}}, {"model": "admin.logentry", "pk": 13, "fields": {"action_time": "2024-04-22T11:04:32.695Z", "user": 1, "content_type": 3, "object_id": "1", "object_repr": "ќфис в г.–€зань\r\n390047, ¬осточна€ окружна€ дорога, д.10, каб.302", "action_flag": 1, "change_message": "[{\"added\": {}}]"}}, {"model": "admin.logentry", "pk": 14, "fields": {"action_time": "2024-04-22T11:05:02.054Z", "user": 1, "content_type": 3, "object_id": "2", "object_repr": "÷ентральный офис в г.ћосква\r\n123022, ул. –очдельска€, д. 14Ѕс2", "action_flag": 1, "change_message": "[{\"added\": {}}]"}}, {"model": "admin.logentry", "pk": 15, "fields": {"action_time": "2024-04-22T11:06:42.511Z", "user": 1, "content_type": 3, "object_id": "2", "object_repr": "÷ентральный офис в г.ћосква\r\n123022, ул. –очдельска€, д. 14Ѕс2", "action_flag": 3, "change_message": ""}}, {"model": "admin.logentry", "pk": 16, "fields": {"action_time": "2024-04-22T11:07:37.252Z", "user": 1, "content_type": 3, "object_id": "1", "object_repr": "ќфис в г.–€зань\r\n390047, ¬осточна€ окружна€ дорога, д.10, каб.302", "action_flag": 2, "change_message": "[{\"changed\": {\"fields\": [\"\\u041a\\u043e\\u043d\\u0442\\u0430\\u043a\\u0442\\u043d\\u044b\\u0439 \\u0442\\u0435\\u043b\\u0435\\u0444\\u043e\\u043d\"]}}]"}}, {"model": "admin.logentry", "pk": 17, "fields": {"action_time": "2024-04-22T11:17:36.297Z", "user": 1, "content_type": 3, "object_id": "1", "object_repr": "390047, г.–€зань, ¬осточна€ окружна€ дорога, д.10, каб.302", "action_flag": 2, "change_message": "[{\"changed\": {\"fields\": [\"\\u0410\\u0434\\u0440\\u0435\\u0441 \\u043a\\u043e\\u043c\\u0430\\u043f\\u0430\\u043d\\u0438\\u0438\"]}}]"}}, {"model": "admin.logentry", "pk": 18, "fields": {"action_time": "2024-04-22T11:33:21.619Z", "user": 1, "content_type": 9, "object_id": "1", "object_repr": "ѕакер", "action_flag": 1, "change_message": "[{\"added\": {}}]"}}, {"model": "admin.logentry", "pk": 19, "fields": {"action_time": "2024-04-22T11:33:47.529Z", "user": 1, "content_type": 9, "object_id": "2", "object_repr": "ћуфта √–ѕ шарова€", "action_flag": 1, "change_message": "[{\"added\": {}}]"}}, {"model": "admin.logentry", "pk": 20, "fields": {"action_time": "2024-04-22T11:34:25.829Z", "user": 1, "content_type": 9, "object_id": "3", "object_repr": "ћуфта √–ѕ гидравлическа€", "action_flag": 1, "change_message": "[{\"added\": {}}]"}}, {"model": "admin.logentry", "pk": 21, "fields": {"action_time": "2024-04-22T11:34:50.996Z", "user": 1, "content_type": 9, "object_id": "4", "object_repr": "ѕодвеска цементируема€", "action_flag": 1, "change_message": "[{\"added\": {}}]"}}, {"model": "admin.logentry", "pk": 22, "fields": {"action_time": "2024-04-22T11:35:38.324Z", "user": 1, "content_type": 9, "object_id": "5", "object_repr": "ћуфта √–ѕ шарова€ неупровл€ема€", "action_flag": 1, "change_message": "[{\"added\": {}}]"}}, {"model": "admin.logentry", "pk": 23, "fields": {"action_time": "2024-04-22T12:10:34.641Z", "user": 1, "content_type": 4, "object_id": "1", "object_repr": "DiameterColumn object (1)", "action_flag": 1, "change_message": "[{\"added\": {}}]"}}, {"model": "admin.logentry", "pk": 24, "fields": {"action_time": "2024-04-22T12:10:37.816Z", "user": 1, "content_type": 4, "object_id": "2", "object_repr": "DiameterColumn object (2)", "action_flag": 1, "change_message": "[{\"added\": {}}]"}}, {"model": "admin.logentry", "pk": 25, "fields": {"action_time": "2024-04-22T12:10:49.147Z", "user": 1, "content_type": 4, "object_id": "2", "object_repr": "DiameterColumn object (2)", "action_flag": 3, "change_message": ""}}, {"model": "admin.logentry", "pk": 26, "fields": {"action_time": "2024-04-22T12:11:38.761Z", "user": 1, "content_type": 4, "object_id": "1", "object_repr": "DiameterColumn object (1)", "action_flag": 3, "change_message": ""}}, {"model": "admin.logentry", "pk": 27, "fields": {"action_time": "2024-04-22T12:13:13.051Z", "user": 1, "content_type": 4, "object_id": "3", "object_repr": "DiameterColumn object (3)", "action_flag": 1, "change_message": "[{\"added\": {}}]"}}, {"model": "admin.logentry", "pk": 28, "fields": {"action_time": "2024-04-22T12:13:40.047Z", "user": 1, "content_type": 4, "object_id": "4", "object_repr": "DiameterColumn object (4)", "action_flag": 1, "change_message": "[{\"added\": {}}]"}}, {"model": "admin.logentry", "pk": 29, "fields": {"action_time": "2024-04-22T12:13:53.569Z", "user": 1, "content_type": 4, "object_id": "5", "object_repr": "DiameterColumn object (5)", "action_flag": 1, "change_message": "[{\"added\": {}}]"}}, {"model": "admin.logentry", "pk": 30, "fields": {"action_time": "2024-04-22T12:13:56.445Z", "user": 1, "content_type": 4, "object_id": "6", "object_repr": "DiameterColumn object (6)", "action_flag": 1, "change_message": "[{\"added\": {}}]"}}, {"model": "admin.logentry", "pk": 31, "fields": {"action_time": "2024-04-22T12:14:27.040Z", "user": 1, "content_type": 5, "object_id": "1", "object_repr": "DiameterOpenBorehole object (1)", "action_flag": 1, "change_message": "[{\"added\": {}}]"}}, {"model": "admin.logentry", "pk": 32, "fields": {"action_time": "2024-04-22T12:14:32.245Z", "user": 1, "content_type": 5, "object_id": "2", "object_repr": "DiameterOpenBorehole object (2)", "action_flag": 1, "change_message": "[{\"added\": {}}]"}}, {"model": "admin.logentry", "pk": 33, "fields": {"action_time": "2024-04-22T12:14:41.736Z", "user": 1, "content_type": 5, "object_id": "3", "object_repr": "DiameterOpenBorehole object (3)", "action_flag": 1, "change_message": "[{\"added\": {}}]"}}, {"model": "admin.logentry", "pk": 34, "fields": {"action_time": "2024-04-22T12:14:47.447Z", "user": 1, "content_type": 5, "object_id": "4", "object_repr": "DiameterOpenBorehole object (4)", "action_flag": 1, "change_message": "[{\"added\": {}}]"}}, {"model": "admin.logentry", "pk": 35, "fields": {"action_time": "2024-04-22T12:14:55.643Z", "user": 1, "content_type": 5, "object_id": "5", "object_repr": "DiameterOpenBorehole object (5)", "action_flag": 1, "change_message": "[{\"added\": {}}]"}}, {"model": "admin.logentry", "pk": 36, "fields": {"action_time": "2024-04-22T15:20:02.611Z", "user": 1, "content_type": 10, "object_id": "1", "object_repr": "Ft203.102.118", "action_flag": 1, "change_message": "[{\"added\": {}}]"}}, {"model": "admin.logentry", "pk": 37, "fields": {"action_time": "2024-04-23T09:04:47.515Z", "user": 1, "content_type": 10, "object_id": "1", "object_repr": "Ft203.102.118", "action_flag": 2, "change_message": "[{\"changed\": {\"fields\": [\"\\u041d\\u0430\\u0440\\u0443\\u0436\\u043d\\u044b\\u0439 \\u0434\\u0438\\u0430\\u043c\\u0435\\u0442\\u0440 \\u043e\\u0441\\u043d\\u0430\\u0441\\u0442\\u043a\\u0438, \\u043c\\u043c\", \"\\u0412\\u043d\\u0443\\u0442\\u0440\\u0435\\u043d\\u043d\\u0438\\u0439 \\u0434\\u0438\\u0430\\u043c\\u0435\\u0442\\u0440 \\u043e\\u0441\\u043d\\u0430\\u0441\\u0442\\u043a\\u0438\", \"\\u0414\\u043b\\u0438\\u043d\\u0430 \\u043e\\u0441\\u043d\\u0430\\u0441\\u0442\\u043a\\u0438\"]}}]"}}, {"model": "admin.logentry", "pk": 38, "fields": {"action_time": "2024-04-23T10:31:33.994Z", "user": 1, "content_type": 9, "object_id": "6", "object_repr": "“естовое", "action_flag": 1, "change_message": "[{\"added\": {}}]"}}, {"model": "admin.logentry", "pk": 39, "fields": {"action_time": "2024-04-23T10:31:49.292Z", "user": 1, "content_type": 9, "object_id": "5", "object_repr": "ћуфта √–ѕ шарова€ неупровл€ема€", "action_flag": 2, "change_message": "[]"}}, {"model": "admin.logentry", "pk": 40, "fields": {"action_time": "2024-04-23T10:32:23.954Z", "user": 1, "content_type": 9, "object_id": "6", "object_repr": "“естовое", "action_flag": 3, "change_message": ""}}, {"model": "admin.logentry", "pk": 41, "fields": {"action_time": "2024-04-24T08:23:39.570Z", "user": 1, "content_type": 5, "object_id": "6", "object_repr": "155.6", "action_flag": 1, "change_message": "[{\"added\": {}}]"}}, {"model": "admin.logentry", "pk": 42, "fields": {"action_time": "2024-04-24T08:23:46.765Z", "user": 1, "content_type": 5, "object_id": "7", "object_repr": "120.6", "action_flag": 1, "change_message": "[{\"added\": {}}]"}}, {"model": "admin.logentry", "pk": 43, "fields": {"action_time": "2024-04-24T08:23:57.077Z", "user": 1, "content_type": 5, "object_id": "8", "object_repr": "123.8", "action_flag": 1, "change_message": "[{\"added\": {}}]"}}, {"model": "admin.logentry", "pk": 44, "fields": {"action_time": "2024-04-24T08:24:01.652Z", "user": 1, "content_type": 5, "object_id": "9", "object_repr": "126", "action_flag": 1, "change_message": "[{\"added\": {}}]"}}, {"model": "admin.logentry", "pk": 45, "fields": {"action_time": "2024-04-24T08:24:12.402Z", "user": 1, "content_type": 5, "object_id": "10", "object_repr": "142.9", "action_flag": 1, "change_message": "[{\"added\": {}}]"}}, {"model": "admin.logentry", "pk": 46, "fields": {"action_time": "2024-04-24T08:24:39.085Z", "user": 1, "content_type": 5, "object_id": "11", "object_repr": "215.9", "action_flag": 1, "change_message": "[{\"added\": {}}]"}}, {"model": "admin.logentry", "pk": 47, "fields": {"action_time": "2024-04-24T08:24:43.814Z", "user": 1, "content_type": 5, "object_id": "12", "object_repr": "220.7", "action_flag": 1, "change_message": "[{\"added\": {}}]"}}, {"model": "admin.logentry", "pk": 48, "fields": {"action_time": "2024-04-24T08:25:04.630Z", "user": 1, "content_type": 5, "object_id": "10", "object_repr": "142.9", "action_flag": 3, "change_message": ""}}, {"model": "admin.logentry", "pk": 49, "fields": {"action_time": "2024-04-24T08:25:04.636Z", "user": 1, "content_type": 5, "object_id": "9", "object_repr": "126.0", "action_flag": 3, "change_message": ""}}, {"model": "admin.logentry", "pk": 50, "fields": {"action_time": "2024-04-24T08:25:04.641Z", "user": 1, "content_type": 5, "object_id": "8", "object_repr": "123.8", "action_flag": 3, "change_message": ""}}, {"model": "admin.logentry", "pk": 51, "fields": {"action_time": "2024-04-24T08:25:25.526Z", "user": 1, "content_type": 4, "object_id": "7", "object_repr": "245", "action_flag": 1, "change_message": "[{\"added\": {}}]"}}, {"model": "admin.logentry", "pk": 52, "fields": {"action_time": "2024-04-24T08:28:05.808Z", "user": 1, "content_type": 10, "object_id": "2", "object_repr": "Ft203.114.136", "action_flag": 1, "change_message": "[{\"added\": {}}]"}}, {"model": "admin.logentry", "pk": 53, "fields": {"action_time": "2024-04-24T08:37:15.479Z", "user": 1, "content_type": 10, "object_id": "3", "object_repr": "Ft203.114.143", "action_flag": 1, "change_message": "[{\"added\": {}}]"}}, {"model": "admin.logentry", "pk": 54, "fields": {"action_time": "2024-04-24T08:38:53.389Z", "user": 1, "content_type": 10, "object_id": "4", "object_repr": "Ft203.114.146", "action_flag": 1, "change_message": "[{\"added\": {}}]"}}, {"model": "admin.logentry", "pk": 55, "fields": {"action_time": "2024-04-24T08:40:47.795Z", "user": 1, "content_type": 10, "object_id": "5", "object_repr": "Ft401.102.116", "action_flag": 1, "change_message": "[{\"added\": {}}]"}}, {"model": "admin.logentry", "pk": 56, "fields": {"action_time": "2024-04-24T08:42:15.180Z", "user": 1, "content_type": 10, "object_id": "6", "object_repr": "Ft401.114.136", "action_flag": 1, "change_message": "[{\"added\": {}}]"}}, {"model": "admin.logentry", "pk": 57, "fields": {"action_time": "2024-04-24T08:44:20.863Z", "user": 1, "content_type": 10, "object_id": "7", "object_repr": "Ft403.102.116", "action_flag": 1, "change_message": "[{\"added\": {}}]"}}, {"model": "admin.logentry", "pk": 58, "fields": {"action_time": "2024-04-24T08:45:35.162Z", "user": 1, "content_type": 10, "object_id": "8", "object_repr": "Ft403.114.136", "action_flag": 1, "change_message": "[{\"added\": {}}]"}}, {"model": "admin.logentry", "pk": 59, "fields": {"action_time": "2024-04-24T08:47:04.761Z", "user": 1, "content_type": 10, "object_id": "9", "object_repr": "ѕ’–÷.1.102.146", "action_flag": 1, "change_message": "[{\"added\": {}}]"}}, {"model": "admin.logentry", "pk": 60, "fields": {"action_time": "2024-04-24T08:47:57.691Z", "user": 1, "content_type": 10, "object_id": "10", "object_repr": "ѕ’–÷.1.114.168", "action_flag": 1, "change_message": "[{\"added\": {}}]"}}, {"model": "admin.logentry", "pk": 61, "fields": {"action_time": "2024-04-24T08:48:15.103Z", "user": 1, "content_type": 10, "object_id": "10", "object_repr": "ѕ’–÷.1.114.168", "action_flag": 2, "change_message": "[{\"changed\": {\"fields\": [\"\\u0414\\u043b\\u0438\\u043d\\u0430 \\u043e\\u0441\\u043d\\u0430\\u0441\\u0442\\u043a\\u0438\"]}}]"}}, {"model": "admin.logentry", "pk": 62, "fields": {"action_time": "2024-04-24T08:49:59.435Z", "user": 1, "content_type": 10, "object_id": "11", "object_repr": "ѕ’–÷.1.114.178", "action_flag": 1, "change_message": "[{\"added\": {}}]"}}, {"model": "admin.logentry", "pk": 63, "fields": {"action_time": "2024-04-24T08:50:45.154Z", "user": 1, "content_type": 10, "object_id": "12", "object_repr": "ѕ’–÷.1.194.245", "action_flag": 1, "change_message": "[{\"added\": {}}]"}}, {"model": "admin.logentry", "pk": 64, "fields": {"action_time": "2024-04-24T08:51:38.324Z", "user": 1, "content_type": 10, "object_id": "13", "object_repr": "FT402.114.127", "action_flag": 1, "change_message": "[{\"added\": {}}]"}}, {"model": "admin.logentry", "pk": 65, "fields": {"action_time": "2024-04-24T08:52:33.918Z", "user": 1, "content_type": 10, "object_id": "14", "object_repr": "ѕ’–÷.1.178.245", "action_flag": 1, "change_message": "[{\"added\": {}}]"}}, {"model": "admin.logentry", "pk": 66, "fields": {"action_time": "2024-04-24T08:52:46.227Z", "user": 1, "content_type": 10, "object_id": "1", "object_repr": "Ft203.102.118", "action_flag": 2, "change_message": "[{\"changed\": {\"fields\": [\"\\u0426\\u0435\\u043d\\u0430\"]}}]"}}, {"model": "admin.logentry", "pk": 67, "fields": {"action_time": "2024-04-24T10:43:52.745Z", "user": 1, "content_type": 6, "object_id": "1", "object_repr": "DiameterShank object (1)", "action_flag": 1, "change_message": "[{\"added\": {}}]"}}, {"model": "admin.logentry", "pk": 68, "fields": {"action_time": "2024-04-24T10:43:56.984Z", "user": 1, "content_type": 6, "object_id": "2", "object_repr": "DiameterShank object (2)", "action_flag": 1, "change_message": "[{\"added\": {}}]"}}, {"model": "admin.logentry", "pk": 69, "fields": {"action_time": "2024-04-24T10:44:03.870Z", "user": 1, "content_type": 6, "object_id": "3", "object_repr": "DiameterShank object (3)", "action_flag": 1, "change_message": "[{\"added\": {}}]"}}, {"model": "admin.logentry", "pk": 70, "fields": {"action_time": "2024-04-24T10:44:07.482Z", "user": 1, "content_type": 6, "object_id": "4", "object_repr": "DiameterShank object (4)", "action_flag": 1, "change_message": "[{\"added\": {}}]"}}, {"model": "admin.logentry", "pk": 71, "fields": {"action_time": "2024-04-24T10:44:10.566Z", "user": 1, "content_type": 6, "object_id": "5", "object_repr": "DiameterShank object (5)", "action_flag": 1, "change_message": "[{\"added\": {}}]"}}, {"model": "admin.logentry", "pk": 72, "fields": {"action_time": "2024-04-24T10:45:34.557Z", "user": 1, "content_type": 10, "object_id": "1", "object_repr": "Ft203.102.118", "action_flag": 2, "change_message": "[{\"changed\": {\"fields\": [\"\\u0423\\u0441\\u043b\\u043e\\u0432\\u043d\\u044b\\u0439 \\u0434\\u0438\\u0430\\u043c\\u0435\\u0442\\u0440 \\u0445\\u0432\\u043e\\u0441\\u0442\\u043e\\u0432\\u0438\\u043a\\u0430\"]}}]"}}, {"model": "admin.logentry", "pk": 73, "fields": {"action_time": "2024-04-24T10:47:23.338Z", "user": 1, "content_type": 10, "object_id": "2", "object_repr": "Ft203.114.136", "action_flag": 2, "change_message": "[{\"changed\": {\"fields\": [\"\\u0423\\u0441\\u043b\\u043e\\u0432\\u043d\\u044b\\u0439 \\u0434\\u0438\\u0430\\u043c\\u0435\\u0442\\u0440 \\u0445\\u0432\\u043e\\u0441\\u0442\\u043e\\u0432\\u0438\\u043a\\u0430\"]}}]"}}, {"model": "admin.logentry", "pk": 74, "fields": {"action_time": "2024-04-24T10:47:32.485Z", "user": 1, "content_type": 10, "object_id": "3", "object_repr": "Ft203.114.143", "action_flag": 2, "change_message": "[{\"changed\": {\"fields\": [\"\\u0423\\u0441\\u043b\\u043e\\u0432\\u043d\\u044b\\u0439 \\u0434\\u0438\\u0430\\u043c\\u0435\\u0442\\u0440 \\u0445\\u0432\\u043e\\u0441\\u0442\\u043e\\u0432\\u0438\\u043a\\u0430\"]}}]"}}, {"model": "admin.logentry", "pk": 75, "fields": {"action_time": "2024-04-24T10:47:42.441Z", "user": 1, "content_type": 10, "object_id": "4", "object_repr": "Ft203.114.146", "action_flag": 2, "change_message": "[{\"changed\": {\"fields\": [\"\\u0423\\u0441\\u043b\\u043e\\u0432\\u043d\\u044b\\u0439 \\u0434\\u0438\\u0430\\u043c\\u0435\\u0442\\u0440 \\u0445\\u0432\\u043e\\u0441\\u0442\\u043e\\u0432\\u0438\\u043a\\u0430\"]}}]"}}, {"model": "admin.logentry", "pk": 76, "fields": {"action_time": "2024-04-24T10:47:54.208Z", "user": 1, "content_type": 10, "object_id": "5", "object_repr": "Ft401.102.116", "action_flag": 2, "change_message": "[{\"changed\": {\"fields\": [\"\\u0423\\u0441\\u043b\\u043e\\u0432\\u043d\\u044b\\u0439 \\u0434\\u0438\\u0430\\u043c\\u0435\\u0442\\u0440 \\u0445\\u0432\\u043e\\u0441\\u0442\\u043e\\u0432\\u0438\\u043a\\u0430\"]}}]"}}, {"model": "admin.logentry", "pk": 77, "fields": {"action_time": "2024-04-24T10:48:03.858Z", "user": 1, "content_type": 10, "object_id": "6", "object_repr": "Ft401.114.136", "action_flag": 2, "change_message": "[{\"changed\": {\"fields\": [\"\\u0423\\u0441\\u043b\\u043e\\u0432\\u043d\\u044b\\u0439 \\u0434\\u0438\\u0430\\u043c\\u0435\\u0442\\u0440 \\u0445\\u0432\\u043e\\u0441\\u0442\\u043e\\u0432\\u0438\\u043a\\u0430\"]}}]"}}, {"model": "admin.logentry", "pk": 78, "fields": {"action_time": "2024-04-24T10:48:12.294Z", "user": 1, "content_type": 10, "object_id": "7", "object_repr": "Ft403.102.116", "action_flag": 2, "change_message": "[{\"changed\": {\"fields\": [\"\\u0423\\u0441\\u043b\\u043e\\u0432\\u043d\\u044b\\u0439 \\u0434\\u0438\\u0430\\u043c\\u0435\\u0442\\u0440 \\u0445\\u0432\\u043e\\u0441\\u0442\\u043e\\u0432\\u0438\\u043a\\u0430\"]}}]"}}, {"model": "admin.logentry", "pk": 79, "fields": {"action_time": "2024-04-24T10:48:23.323Z", "user": 1, "content_type": 10, "object_id": "8", "object_repr": "Ft403.114.136", "action_flag": 2, "change_message": "[{\"changed\": {\"fields\": [\"\\u0423\\u0441\\u043b\\u043e\\u0432\\u043d\\u044b\\u0439 \\u0434\\u0438\\u0430\\u043c\\u0435\\u0442\\u0440 \\u0445\\u0432\\u043e\\u0441\\u0442\\u043e\\u0432\\u0438\\u043a\\u0430\"]}}]"}}, {"model": "admin.logentry", "pk": 80, "fields": {"action_time": "2024-04-24T10:48:32.439Z", "user": 1, "content_type": 10, "object_id": "9", "object_repr": "ѕ’–÷.1.102.146", "action_flag": 2, "change_message": "[{\"changed\": {\"fields\": [\"\\u0423\\u0441\\u043b\\u043e\\u0432\\u043d\\u044b\\u0439 \\u0434\\u0438\\u0430\\u043c\\u0435\\u0442\\u0440 \\u0445\\u0432\\u043e\\u0441\\u0442\\u043e\\u0432\\u0438\\u043a\\u0430\"]}}]"}}, {"model": "admin.logentry", "pk": 81, "fields": {"action_time": "2024-04-24T10:48:40.808Z", "user": 1, "content_type": 10, "object_id": "10", "object_repr": "ѕ’–÷.1.114.168", "action_flag": 2, "change_message": "[{\"changed\": {\"fields\": [\"\\u0423\\u0441\\u043b\\u043e\\u0432\\u043d\\u044b\\u0439 \\u0434\\u0438\\u0430\\u043c\\u0435\\u0442\\u0440 \\u0445\\u0432\\u043e\\u0441\\u0442\\u043e\\u0432\\u0438\\u043a\\u0430\"]}}]"}}, {"model": "admin.logentry", "pk": 82, "fields": {"action_time": "2024-04-24T10:48:48.202Z", "user": 1, "content_type": 10, "object_id": "11", "object_repr": "ѕ’–÷.1.114.178", "action_flag": 2, "change_message": "[{\"changed\": {\"fields\": [\"\\u0423\\u0441\\u043b\\u043e\\u0432\\u043d\\u044b\\u0439 \\u0434\\u0438\\u0430\\u043c\\u0435\\u0442\\u0440 \\u0445\\u0432\\u043e\\u0441\\u0442\\u043e\\u0432\\u0438\\u043a\\u0430\"]}}]"}}, {"model": "admin.logentry", "pk": 83, "fields": {"action_time": "2024-04-24T10:48:54.252Z", "user": 1, "content_type": 10, "object_id": "12", "object_repr": "ѕ’–÷.1.194.245", "action_flag": 2, "change_message": "[{\"changed\": {\"fields\": [\"\\u0423\\u0441\\u043b\\u043e\\u0432\\u043d\\u044b\\u0439 \\u0434\\u0438\\u0430\\u043c\\u0435\\u0442\\u0440 \\u0445\\u0432\\u043e\\u0441\\u0442\\u043e\\u0432\\u0438\\u043a\\u0430\"]}}]"}}, {"model": "admin.logentry", "pk": 84, "fields": {"action_time": "2024-04-24T10:49:01.724Z", "user": 1, "content_type": 10, "object_id": "13", "object_repr": "FT402.114.127", "action_flag": 2, "change_message": "[{\"changed\": {\"fields\": [\"\\u0423\\u0441\\u043b\\u043e\\u0432\\u043d\\u044b\\u0439 \\u0434\\u0438\\u0430\\u043c\\u0435\\u0442\\u0440 \\u0445\\u0432\\u043e\\u0441\\u0442\\u043e\\u0432\\u0438\\u043a\\u0430\"]}}]"}}, {"model": "admin.logentry", "pk": 85, "fields": {"action_time": "2024-04-24T10:49:09.763Z", "user": 1, "content_type": 10, "object_id": "14", "object_repr": "ѕ’–÷.1.178.245", "action_flag": 2, "change_message": "[{\"changed\": {\"fields\": [\"\\u0423\\u0441\\u043b\\u043e\\u0432\\u043d\\u044b\\u0439 \\u0434\\u0438\\u0430\\u043c\\u0435\\u0442\\u0440 \\u0445\\u0432\\u043e\\u0441\\u0442\\u043e\\u0432\\u0438\\u043a\\u0430\"]}}]"}}, {"model": "admin.logentry", "pk": 86, "fields": {"action_time": "2024-04-25T09:54:01.992Z", "user": 1, "content_type": 20, "object_id": "1", "object_repr": "√лавна€", "action_flag": 1, "change_message": "[{\"added\": {}}]"}}, {"model": "admin.logentry", "pk": 87, "fields": {"action_time": "2024-04-25T09:55:24.520Z", "user": 1, "content_type": 20, "object_id": "1", "object_repr": "√лавна€", "action_flag": 2, "change_message": "[{\"changed\": {\"fields\": [\"\\u0421\\u0441\\u044b\\u043b\\u043a\\u0430\"]}}]"}}, {"model": "admin.logentry", "pk": 88, "fields": {"action_time": "2024-04-25T09:57:00.983Z", "user": 1, "content_type": 20, "object_id": "2", "object_repr": " аталог", "action_flag": 1, "change_message": "[{\"added\": {}}]"}}, {"model": "admin.logentry", "pk": 89, "fields": {"action_time": "2024-04-25T09:57:48.481Z", "user": 1, "content_type": 20, "object_id": "3", "object_repr": "ѕакер", "action_flag": 1, "change_message": "[{\"added\": {}}]"}}, {"model": "admin.logentry", "pk": 90, "fields": {"action_time": "2024-04-25T10:05:39.596Z", "user": 1, "content_type": 20, "object_id": "1", "object_repr": "√лавна€", "action_flag": 2, "change_message": "[{\"changed\": {\"fields\": [\"\\u0421\\u0441\\u044b\\u043b\\u043a\\u0430\"]}}]"}}, {"model": "admin.logentry", "pk": 91, "fields": {"action_time": "2024-04-25T10:10:04.867Z", "user": 1, "content_type": 20, "object_id": "3", "object_repr": "ѕакер", "action_flag": 2, "change_message": "[{\"changed\": {\"fields\": [\"\\u0421\\u0441\\u044b\\u043b\\u043a\\u0430\"]}}]"}}, {"model": "admin.logentry", "pk": 92, "fields": {"action_time": "2024-04-25T11:50:58.795Z", "user": 1, "content_type": 20, "object_id": "4", "object_repr": "_root_", "action_flag": 1, "change_message": "[{\"added\": {}}]"}}, {"model": "admin.logentry", "pk": 93, "fields": {"action_time": "2024-04-25T11:51:03.997Z", "user": 1, "content_type": 20, "object_id": "1", "object_repr": "√лавна€", "action_flag": 2, "change_message": "[{\"changed\": {\"fields\": [\"Parent\"]}}]"}}, {"model": "admin.logentry", "pk": 94, "fields": {"action_time": "2024-04-25T11:51:08.500Z", "user": 1, "content_type": 20, "object_id": "2", "object_repr": " аталог", "action_flag": 2, "change_message": "[{\"changed\": {\"fields\": [\"Parent\"]}}]"}}, {"model": "admin.logentry", "pk": 95, "fields": {"action_time": "2024-04-25T11:51:50.634Z", "user": 1, "content_type": 20, "object_id": "1", "object_repr": "√лавна€", "action_flag": 2, "change_message": "[{\"changed\": {\"fields\": [\"\\u0421\\u0441\\u044b\\u043b\\u043a\\u0430\"]}}]"}}, {"model": "admin.logentry", "pk": 96, "fields": {"action_time": "2024-04-25T11:51:55.340Z", "user": 1, "content_type": 20, "object_id": "4", "object_repr": "_root_", "action_flag": 2, "change_message": "[]"}}, {"model": "admin.logentry", "pk": 97, "fields": {"action_time": "2024-04-25T11:51:58.966Z", "user": 1, "content_type": 20, "object_id": "3", "object_repr": "ѕакер", "action_flag": 2, "change_message": "[]"}}, {"model": "admin.logentry", "pk": 98, "fields": {"action_time": "2024-04-25T11:55:48.001Z", "user": 1, "content_type": 20, "object_id": "5", "object_repr": "ћуфта √–ѕ шарова€", "action_flag": 1, "change_message": "[{\"added\": {}}]"}}, {"model": "admin.logentry", "pk": 99, "fields": {"action_time": "2024-04-25T11:56:07.605Z", "user": 1, "content_type": 20, "object_id": "6", "object_repr": "ћуфта √–ѕ гидравлическа€", "action_flag": 1, "change_message": "[{\"added\": {}}]"}}, {"model": "admin.logentry", "pk": 100, "fields": {"action_time": "2024-04-25T11:56:26.892Z", "user": 1, "content_type": 20, "object_id": "7", "object_repr": "ѕодвеска цементируема€", "action_flag": 1, "change_message": "[{\"added\": {}}]"}}, {"model": "admin.logentry", "pk": 101, "fields": {"action_time": "2024-04-25T11:56:51.799Z", "user": 1, "content_type": 20, "object_id": "8", "object_repr": "ћуфта √–ѕ шарова€ неуправл€ема€", "action_flag": 1, "change_message": "[{\"added\": {}}]"}}, {"model": "admin.logentry", "pk": 102, "fields": {"action_time": "2024-04-25T11:57:49.546Z", "user": 1, "content_type": 20, "object_id": "9", "object_repr": "ќ компании", "action_flag": 1, "change_message": "[{\"added\": {}}]"}}, {"model": "admin.logentry", "pk": 103, "fields": {"action_time": "2024-04-25T11:57:58.701Z", "user": 1, "content_type": 20, "object_id": "9", "object_repr": "ќ компании", "action_flag": 2, "change_message": "[{\"changed\": {\"fields\": [\"\\u041f\\u043e\\u0437\\u0438\\u0446\\u0438\\u044f\"]}}]"}}, {"model": "admin.logentry", "pk": 104, "fields": {"action_time": "2024-04-25T11:58:34.748Z", "user": 1, "content_type": 20, "object_id": "10", "object_repr": " онтакты", "action_flag": 1, "change_message": "[{\"added\": {}}]"}}, {"model": "admin.logentry", "pk": 105, "fields": {"action_time": "2024-04-25T12:10:27.593Z", "user": 1, "content_type": 20, "object_id": "11", "object_repr": "ѕодпор оборудовани€", "action_flag": 1, "change_message": "[{\"added\": {}}]"}}, {"model": "admin.logentry", "pk": 106, "fields": {"action_time": "2024-04-25T12:10:47.885Z", "user": 1, "content_type": 20, "object_id": "11", "object_repr": "ѕодбор оборудовани€", "action_flag": 2, "change_message": "[{\"changed\": {\"fields\": [\"Name\"]}}]"}}, {"model": "admin.logentry", "pk": 107, "fields": {"action_time": "2024-04-25T13:08:29.761Z", "user": 1, "content_type": 9, "object_id": "2", "object_repr": "Ўарова€ муфта", "action_flag": 2, "change_message": "[{\"changed\": {\"fields\": [\"\\u0422\\u0438\\u043f \\u043e\\u0431\\u043e\\u0440\\u0443\\u0434\\u043e\\u0432\\u0430\\u043d\\u0438\\u044f\"]}}]"}}, {"model": "admin.logentry", "pk": 108, "fields": {"action_time": "2024-04-25T13:08:42.475Z", "user": 1, "content_type": 9, "object_id": "3", "object_repr": "√идравлическа€ муфта", "action_flag": 2, "change_message": "[{\"changed\": {\"fields\": [\"\\u0422\\u0438\\u043f \\u043e\\u0431\\u043e\\u0440\\u0443\\u0434\\u043e\\u0432\\u0430\\u043d\\u0438\\u044f\"]}}]"}}, {"model": "admin.logentry", "pk": 109, "fields": {"action_time": "2024-04-25T13:09:04.728Z", "user": 1, "content_type": 9, "object_id": "5", "object_repr": "Ўарова€ неуправл€ема€ муфта", "action_flag": 2, "change_message": "[{\"changed\": {\"fields\": [\"\\u0422\\u0438\\u043f \\u043e\\u0431\\u043e\\u0440\\u0443\\u0434\\u043e\\u0432\\u0430\\u043d\\u0438\\u044f\"]}}]"}}, {"model": "admin.logentry", "pk": 110, "fields": {"action_time": "2024-04-25T13:09:22.596Z", "user": 1, "content_type": 9, "object_id": "7", "object_repr": "јктивационна€ муфта", "action_flag": 1, "change_message": "[{\"added\": {}}]"}}, {"model": "admin.logentry", "pk": 111, "fields": {"action_time": "2024-04-25T13:11:28.439Z", "user": 1, "content_type": 10, "object_id": "15", "object_repr": "Ft601.102.114", "action_flag": 1, "change_message": "[{\"added\": {}}]"}}, {"model": "admin.logentry", "pk": 112, "fields": {"action_time": "2024-04-25T13:12:20.148Z", "user": 1, "content_type": 10, "object_id": "16", "object_repr": "Ft601.114.127", "action_flag": 1, "change_message": "[{\"added\": {}}]"}}, {"model": "admin.logentry", "pk": 113, "fields": {"action_time": "2024-04-26T07:26:52.563Z", "user": 1, "content_type": 10, "object_id": "16", "object_repr": "FTt601.114.127", "action_flag": 2, "change_message": "[{\"changed\": {\"fields\": [\"\\u041d\\u0430\\u0438\\u043c\\u0435\\u043d\\u043e\\u0432\\u0430\\u043d\\u0438\\u0435 \\u043e\\u0431\\u043e\\u0440\\u0443\\u0434\\u043e\\u0432\\u0430\\u043d\\u0438\\u044f\"]}}]"}}, {"model": "admin.logentry", "pk": 114, "fields": {"action_time": "2024-04-26T08:40:27.364Z", "user": 1, "content_type": 9, "object_id": "1", "object_repr": "ѕакер", "action_flag": 2, "change_message": "[{\"changed\": {\"fields\": [\"\\u041e\\u0431\\u043e\\u0440\\u0443\\u0434\\u043e\\u0432\\u0430\\u043d\\u0438\\u0435 \\u0432\\u0445\\u043e\\u0434\\u0438\\u0442 \\u0432 \\u043a\\u043e\\u043c\\u043f\\u043b\\u0435\\u043a\\u0442\"]}}]"}}, {"model": "admin.logentry", "pk": 115, "fields": {"action_time": "2024-04-26T08:40:43.576Z", "user": 1, "content_type": 9, "object_id": "2", "object_repr": "Ўарова€ муфта", "action_flag": 2, "change_message": "[{\"changed\": {\"fields\": [\"\\u041e\\u0431\\u043e\\u0440\\u0443\\u0434\\u043e\\u0432\\u0430\\u043d\\u0438\\u0435 \\u0432\\u0445\\u043e\\u0434\\u0438\\u0442 \\u0432 \\u043a\\u043e\\u043c\\u043f\\u043b\\u0435\\u043a\\u0442\"]}}]"}}, {"model": "admin.logentry", "pk": 116, "fields": {"action_time": "2024-04-26T08:40:53.012Z", "user": 1, "content_type": 9, "object_id": "3", "object_repr": "√идравлическа€ муфта", "action_flag": 2, "change_message": "[{\"changed\": {\"fields\": [\"\\u041e\\u0431\\u043e\\u0440\\u0443\\u0434\\u043e\\u0432\\u0430\\u043d\\u0438\\u0435 \\u0432\\u0445\\u043e\\u0434\\u0438\\u0442 \\u0432 \\u043a\\u043e\\u043c\\u043f\\u043b\\u0435\\u043a\\u0442\"]}}]"}}, {"model": "admin.logentry", "pk": 117, "fields": {"action_time": "2024-04-26T08:40:59.192Z", "user": 1, "content_type": 9, "object_id": "7", "object_repr": "јктивационна€ муфта", "action_flag": 2, "change_message": "[{\"changed\": {\"fields\": [\"\\u041e\\u0431\\u043e\\u0440\\u0443\\u0434\\u043e\\u0432\\u0430\\u043d\\u0438\\u0435 \\u0432\\u0445\\u043e\\u0434\\u0438\\u0442 \\u0432 \\u043a\\u043e\\u043c\\u043f\\u043b\\u0435\\u043a\\u0442\"]}}]"}}, {"model": "admin.logentry", "pk": 118, "fields": {"action_time": "2024-04-26T08:53:43.750Z", "user": 1, "content_type": 10, "object_id": "17", "object_repr": "“естполд", "action_flag": 1, "change_message": "[{\"added\": {}}]"}}, {"model": "admin.logentry", "pk": 119, "fields": {"action_time": "2024-04-26T08:53:55.757Z", "user": 1, "content_type": 9, "object_id": "4", "object_repr": "ѕодвеска цементируема€", "action_flag": 2, "change_message": "[{\"changed\": {\"fields\": [\"\\u041e\\u0431\\u043e\\u0440\\u0443\\u0434\\u043e\\u0432\\u0430\\u043d\\u0438\\u0435 \\u0432\\u0445\\u043e\\u0434\\u0438\\u0442 \\u0432 \\u043a\\u043e\\u043c\\u043f\\u043b\\u0435\\u043a\\u0442\"]}}]"}}, {"model": "admin.logentry", "pk": 120, "fields": {"action_time": "2024-04-26T08:55:11.985Z", "user": 1, "content_type": 10, "object_id": "17", "object_repr": "“естполд", "action_flag": 3, "change_message": ""}}, {"model": "admin.logentry", "pk": 121, "fields": {"action_time": "2024-04-26T08:57:12.581Z", "user": 1, "content_type": 9, "object_id": "4", "object_repr": "ѕодвеска цементируема€", "action_flag": 2, "change_message": "[{\"changed\": {\"fields\": [\"\\u041e\\u0431\\u043e\\u0440\\u0443\\u0434\\u043e\\u0432\\u0430\\u043d\\u0438\\u0435 \\u0432\\u0445\\u043e\\u0434\\u0438\\u0442 \\u0432 \\u043a\\u043e\\u043c\\u043f\\u043b\\u0435\\u043a\\u0442\"]}}]"}}, {"model": "admin.logentry", "pk": 122, "fields": {"action_time": "2024-04-26T09:10:47.091Z", "user": 1, "content_type": 20, "object_id": "12", "object_repr": "ѕодбор комплекта ћ√–ѕ", "action_flag": 1, "change_message": "[{\"added\": {}}]"}}, {"model": "admin.logentry", "pk": 123, "fields": {"action_time": "2024-04-26T09:10:57.161Z", "user": 1, "content_type": 20, "object_id": "12", "object_repr": "ѕодбор комплекта ћ√–ѕ", "action_flag": 2, "change_message": "[{\"changed\": {\"fields\": [\"\\u041f\\u043e\\u0437\\u0438\\u0446\\u0438\\u044f\"]}}]"}}, {"model": "admin.logentry", "pk": 124, "fields": {"action_time": "2024-04-26T09:12:14.936Z", "user": 1, "content_type": 20, "object_id": "13", "object_repr": "јктивационна€ муфта", "action_flag": 1, "change_message": "[{\"added\": {}}]"}}, {"model": "admin.logentry", "pk": 125, "fields": {"action_time": "2024-05-02T07:54:37.309Z", "user": 1, "content_type": 9, "object_id": "1", "object_repr": "ѕакер", "action_flag": 2, "change_message": "[{\"changed\": {\"fields\": [\"\\u0412\\u043a\\u043b\\u044e\\u0447\\u0438\\u0442\\u044c \\u0432 \\u043a\\u0430\\u043b\\u044c\\u043a\\u0443\\u043b\\u044f\\u0442\\u043e\\u0440\", \"\\u041e\\u043f\\u0443\\u0431\\u043b\\u0438\\u043a\\u043e\\u0432\\u0430\\u043d\\u043e\"]}}]"}}, {"model": "admin.logentry", "pk": 126, "fields": {"action_time": "2024-05-02T07:54:41.376Z", "user": 1, "content_type": 9, "object_id": "2", "object_repr": "Ўарова€ муфта", "action_flag": 2, "change_message": "[{\"changed\": {\"fields\": [\"\\u0412\\u043a\\u043b\\u044e\\u0447\\u0438\\u0442\\u044c \\u0432 \\u043a\\u0430\\u043b\\u044c\\u043a\\u0443\\u043b\\u044f\\u0442\\u043e\\u0440\", \"\\u041e\\u043f\\u0443\\u0431\\u043b\\u0438\\u043a\\u043e\\u0432\\u0430\\u043d\\u043e\"]}}]"}}, {"model": "admin.logentry", "pk": 127, "fields": {"action_time": "2024-05-02T07:54:46.069Z", "user": 1, "content_type": 9, "object_id": "3", "object_repr": "√идравлическа€ муфта", "action_flag": 2, "change_message": "[{\"changed\": {\"fields\": [\"\\u0412\\u043a\\u043b\\u044e\\u0447\\u0438\\u0442\\u044c \\u0432 \\u043a\\u0430\\u043b\\u044c\\u043a\\u0443\\u043b\\u044f\\u0442\\u043e\\u0440\", \"\\u041e\\u043f\\u0443\\u0431\\u043b\\u0438\\u043a\\u043e\\u0432\\u0430\\u043d\\u043e\"]}}]"}}, {"model": "admin.logentry", "pk": 128, "fields": {"action_time": "2024-05-02T07:54:58.417Z", "user": 1, "content_type": 9, "object_id": "4", "object_repr": "ѕодвеска цементируема€", "action_flag": 2, "change_message": "[{\"changed\": {\"fields\": [\"\\u0412\\u043a\\u043b\\u044e\\u0447\\u0438\\u0442\\u044c \\u0432 \\u043a\\u0430\\u043b\\u044c\\u043a\\u0443\\u043b\\u044f\\u0442\\u043e\\u0440\", \"\\u041e\\u043f\\u0443\\u0431\\u043b\\u0438\\u043a\\u043e\\u0432\\u0430\\u043d\\u043e\"]}}]"}}, {"model": "admin.logentry", "pk": 129, "fields": {"action_time": "2024-05-02T07:55:03.219Z", "user": 1, "content_type": 9, "object_id": "5", "object_repr": "Ўарова€ неуправл€ема€ муфта", "action_flag": 2, "change_message": "[{\"changed\": {\"fields\": [\"\\u0412\\u043a\\u043b\\u044e\\u0447\\u0438\\u0442\\u044c \\u0432 \\u043a\\u0430\\u043b\\u044c\\u043a\\u0443\\u043b\\u044f\\u0442\\u043e\\u0440\", \"\\u041e\\u043f\\u0443\\u0431\\u043b\\u0438\\u043a\\u043e\\u0432\\u0430\\u043d\\u043e\"]}}]"}}, {"model": "admin.logentry", "pk": 130, "fields": {"action_time": "2024-05-02T07:55:07.789Z", "user": 1, "content_type": 9, "object_id": "7", "object_repr": "јктивационна€ муфта", "action_flag": 2, "change_message": "[{\"changed\": {\"fields\": [\"\\u0412\\u043a\\u043b\\u044e\\u0447\\u0438\\u0442\\u044c \\u0432 \\u043a\\u0430\\u043b\\u044c\\u043a\\u0443\\u043b\\u044f\\u0442\\u043e\\u0440\", \"\\u041e\\u043f\\u0443\\u0431\\u043b\\u0438\\u043a\\u043e\\u0432\\u0430\\u043d\\u043e\"]}}]"}}, {"model": "admin.logentry", "pk": 131, "fields": {"action_time": "2024-05-02T07:55:40.817Z", "user": 1, "content_type": 10, "object_id": "1", "object_repr": "Ft203.102.118", "action_flag": 2, "change_message": "[{\"changed\": {\"fields\": [\"\\u0412\\u043a\\u043b\\u044e\\u0447\\u0438\\u0442\\u044c \\u0432 \\u043a\\u0430\\u043b\\u044c\\u043a\\u0443\\u043b\\u044f\\u0442\\u043e\\u0440\", \"\\u041e\\u043f\\u0443\\u0431\\u043b\\u0438\\u043a\\u043e\\u0432\\u0430\\u043d\\u043e\"]}}]"}}, {"model": "admin.logentry", "pk": 132, "fields": {"action_time": "2024-05-02T07:55:46.425Z", "user": 1, "content_type": 10, "object_id": "2", "object_repr": "Ft203.114.136", "action_flag": 2, "change_message": "[{\"changed\": {\"fields\": [\"\\u0412\\u043a\\u043b\\u044e\\u0447\\u0438\\u0442\\u044c \\u0432 \\u043a\\u0430\\u043b\\u044c\\u043a\\u0443\\u043b\\u044f\\u0442\\u043e\\u0440\", \"\\u041e\\u043f\\u0443\\u0431\\u043b\\u0438\\u043a\\u043e\\u0432\\u0430\\u043d\\u043e\"]}}]"}}, {"model": "admin.logentry", "pk": 133, "fields": {"action_time": "2024-05-02T07:55:51.268Z", "user": 1, "content_type": 10, "object_id": "3", "object_repr": "Ft203.114.143", "action_flag": 2, "change_message": "[{\"changed\": {\"fields\": [\"\\u0412\\u043a\\u043b\\u044e\\u0447\\u0438\\u0442\\u044c \\u0432 \\u043a\\u0430\\u043b\\u044c\\u043a\\u0443\\u043b\\u044f\\u0442\\u043e\\u0440\", \"\\u041e\\u043f\\u0443\\u0431\\u043b\\u0438\\u043a\\u043e\\u0432\\u0430\\u043d\\u043e\"]}}]"}}, {"model": "admin.logentry", "pk": 134, "fields": {"action_time": "2024-05-02T07:55:56.051Z", "user": 1, "content_type": 10, "object_id": "4", "object_repr": "Ft203.114.146", "action_flag": 2, "change_message": "[{\"changed\": {\"fields\": [\"\\u0412\\u043a\\u043b\\u044e\\u0447\\u0438\\u0442\\u044c \\u0432 \\u043a\\u0430\\u043b\\u044c\\u043a\\u0443\\u043b\\u044f\\u0442\\u043e\\u0440\", \"\\u041e\\u043f\\u0443\\u0431\\u043b\\u0438\\u043a\\u043e\\u0432\\u0430\\u043d\\u043e\"]}}]"}}, {"model": "admin.logentry", "pk": 135, "fields": {"action_time": "2024-05-02T07:56:00.853Z", "user": 1, "content_type": 10, "object_id": "5", "object_repr": "Ft401.102.116", "action_flag": 2, "change_message": "[{\"changed\": {\"fields\": [\"\\u0412\\u043a\\u043b\\u044e\\u0447\\u0438\\u0442\\u044c \\u0432 \\u043a\\u0430\\u043b\\u044c\\u043a\\u0443\\u043b\\u044f\\u0442\\u043e\\u0440\", \"\\u041e\\u043f\\u0443\\u0431\\u043b\\u0438\\u043a\\u043e\\u0432\\u0430\\u043d\\u043e\"]}}]"}}, {"model": "admin.logentry", "pk": 136, "fields": {"action_time": "2024-05-02T07:56:06.404Z", "user": 1, "content_type": 10, "object_id": "6", "object_repr": "Ft401.114.136", "action_flag": 2, "change_message": "[{\"changed\": {\"fields\": [\"\\u0412\\u043a\\u043b\\u044e\\u0447\\u0438\\u0442\\u044c \\u0432 \\u043a\\u0430\\u043b\\u044c\\u043a\\u0443\\u043b\\u044f\\u0442\\u043e\\u0440\", \"\\u041e\\u043f\\u0443\\u0431\\u043b\\u0438\\u043a\\u043e\\u0432\\u0430\\u043d\\u043e\"]}}]"}}, {"model": "admin.logentry", "pk": 137, "fields": {"action_time": "2024-05-02T07:56:11.689Z", "user": 1, "content_type": 10, "object_id": "7", "object_repr": "Ft403.102.116", "action_flag": 2, "change_message": "[{\"changed\": {\"fields\": [\"\\u0412\\u043a\\u043b\\u044e\\u0447\\u0438\\u0442\\u044c \\u0432 \\u043a\\u0430\\u043b\\u044c\\u043a\\u0443\\u043b\\u044f\\u0442\\u043e\\u0440\", \"\\u041e\\u043f\\u0443\\u0431\\u043b\\u0438\\u043a\\u043e\\u0432\\u0430\\u043d\\u043e\"]}}]"}}, {"model": "admin.logentry", "pk": 138, "fields": {"action_time": "2024-05-02T07:56:16.970Z", "user": 1, "content_type": 10, "object_id": "8", "object_repr": "Ft403.114.136", "action_flag": 2, "change_message": "[{\"changed\": {\"fields\": [\"\\u0412\\u043a\\u043b\\u044e\\u0447\\u0438\\u0442\\u044c \\u0432 \\u043a\\u0430\\u043b\\u044c\\u043a\\u0443\\u043b\\u044f\\u0442\\u043e\\u0440\", \"\\u041e\\u043f\\u0443\\u0431\\u043b\\u0438\\u043a\\u043e\\u0432\\u0430\\u043d\\u043e\"]}}]"}}, {"model": "admin.logentry", "pk": 139, "fields": {"action_time": "2024-05-02T07:56:21.713Z", "user": 1, "content_type": 10, "object_id": "9", "object_repr": "ѕ’–÷.1.102.146", "action_flag": 2, "change_message": "[{\"changed\": {\"fields\": [\"\\u0412\\u043a\\u043b\\u044e\\u0447\\u0438\\u0442\\u044c \\u0432 \\u043a\\u0430\\u043b\\u044c\\u043a\\u0443\\u043b\\u044f\\u0442\\u043e\\u0440\", \"\\u041e\\u043f\\u0443\\u0431\\u043b\\u0438\\u043a\\u043e\\u0432\\u0430\\u043d\\u043e\"]}}]"}}, {"model": "admin.logentry", "pk": 140, "fields": {"action_time": "2024-05-02T07:56:34.687Z", "user": 1, "content_type": 10, "object_id": "10", "object_repr": "ѕ’–÷.1.114.168", "action_flag": 2, "change_message": "[{\"changed\": {\"fields\": [\"\\u0412\\u043a\\u043b\\u044e\\u0447\\u0438\\u0442\\u044c \\u0432 \\u043a\\u0430\\u043b\\u044c\\u043a\\u0443\\u043b\\u044f\\u0442\\u043e\\u0440\", \"\\u041e\\u043f\\u0443\\u0431\\u043b\\u0438\\u043a\\u043e\\u0432\\u0430\\u043d\\u043e\"]}}]"}}, {"model": "admin.logentry", "pk": 141, "fields": {"action_time": "2024-05-02T07:56:39.441Z", "user": 1, "content_type": 10, "object_id": "11", "object_repr": "ѕ’–÷.1.114.178", "action_flag": 2, "change_message": "[{\"changed\": {\"fields\": [\"\\u0412\\u043a\\u043b\\u044e\\u0447\\u0438\\u0442\\u044c \\u0432 \\u043a\\u0430\\u043b\\u044c\\u043a\\u0443\\u043b\\u044f\\u0442\\u043e\\u0440\", \"\\u041e\\u043f\\u0443\\u0431\\u043b\\u0438\\u043a\\u043e\\u0432\\u0430\\u043d\\u043e\"]}}]"}}, {"model": "admin.logentry", "pk": 142, "fields": {"action_time": "2024-05-02T07:56:43.844Z", "user": 1, "content_type": 10, "object_id": "12", "object_repr": "ѕ’–÷.1.194.245", "action_flag": 2, "change_message": "[{\"changed\": {\"fields\": [\"\\u0412\\u043a\\u043b\\u044e\\u0447\\u0438\\u0442\\u044c \\u0432 \\u043a\\u0430\\u043b\\u044c\\u043a\\u0443\\u043b\\u044f\\u0442\\u043e\\u0440\", \"\\u041e\\u043f\\u0443\\u0431\\u043b\\u0438\\u043a\\u043e\\u0432\\u0430\\u043d\\u043e\"]}}]"}}, {"model": "admin.logentry", "pk": 143, "fields": {"action_time": "2024-05-02T07:56:48.074Z", "user": 1, "content_type": 10, "object_id": "13", "object_repr": "FT402.114.127", "action_flag": 2, "change_message": "[{\"changed\": {\"fields\": [\"\\u0412\\u043a\\u043b\\u044e\\u0447\\u0438\\u0442\\u044c \\u0432 \\u043a\\u0430\\u043b\\u044c\\u043a\\u0443\\u043b\\u044f\\u0442\\u043e\\u0440\", \"\\u041e\\u043f\\u0443\\u0431\\u043b\\u0438\\u043a\\u043e\\u0432\\u0430\\u043d\\u043e\"]}}]"}}, {"model": "admin.logentry", "pk": 144, "fields": {"action_time": "2024-05-02T07:56:53.119Z", "user": 1, "content_type": 10, "object_id": "14", "object_repr": "ѕ’–÷.1.178.245", "action_flag": 2, "change_message": "[{\"changed\": {\"fields\": [\"\\u0412\\u043a\\u043b\\u044e\\u0447\\u0438\\u0442\\u044c \\u0432 \\u043a\\u0430\\u043b\\u044c\\u043a\\u0443\\u043b\\u044f\\u0442\\u043e\\u0440\", \"\\u041e\\u043f\\u0443\\u0431\\u043b\\u0438\\u043a\\u043e\\u0432\\u0430\\u043d\\u043e\"]}}]"}}, {"model": "admin.logentry", "pk": 145, "fields": {"action_time": "2024-05-02T07:56:58.903Z", "user": 1, "content_type": 10, "object_id": "15", "object_repr": "Ft601.102.114", "action_flag": 2, "change_message": "[{\"changed\": {\"fields\": [\"\\u0412\\u043a\\u043b\\u044e\\u0447\\u0438\\u0442\\u044c \\u0432 \\u043a\\u0430\\u043b\\u044c\\u043a\\u0443\\u043b\\u044f\\u0442\\u043e\\u0440\", \"\\u041e\\u043f\\u0443\\u0431\\u043b\\u0438\\u043a\\u043e\\u0432\\u0430\\u043d\\u043e\"]}}]"}}, {"model": "admin.logentry", "pk": 146, "fields": {"action_time": "2024-05-02T07:57:03.218Z", "user": 1, "content_type": 10, "object_id": "16", "object_repr": "FTt601.114.127", "action_flag": 2, "change_message": "[{\"changed\": {\"fields\": [\"\\u0412\\u043a\\u043b\\u044e\\u0447\\u0438\\u0442\\u044c \\u0432 \\u043a\\u0430\\u043b\\u044c\\u043a\\u0443\\u043b\\u044f\\u0442\\u043e\\u0440\", \"\\u041e\\u043f\\u0443\\u0431\\u043b\\u0438\\u043a\\u043e\\u0432\\u0430\\u043d\\u043e\"]}}]"}}, {"model": "admin.logentry", "pk": 147, "fields": {"action_time": "2024-05-02T08:00:42.448Z", "user": 1, "content_type": 9, "object_id": "1", "object_repr": "ѕакер", "action_flag": 2, "change_message": "[{\"changed\": {\"fields\": [\"\\u0412\\u043a\\u043b\\u044e\\u0447\\u0438\\u0442\\u044c \\u0432 \\u043a\\u0430\\u043b\\u044c\\u043a\\u0443\\u043b\\u044f\\u0442\\u043e\\u0440\"]}}]"}}, {"model": "admin.logentry", "pk": 148, "fields": {"action_time": "2024-05-02T08:00:51.753Z", "user": 1, "content_type": 9, "object_id": "1", "object_repr": "ѕакер", "action_flag": 2, "change_message": "[{\"changed\": {\"fields\": [\"\\u0412\\u043a\\u043b\\u044e\\u0447\\u0438\\u0442\\u044c \\u0432 \\u043a\\u0430\\u043b\\u044c\\u043a\\u0443\\u043b\\u044f\\u0442\\u043e\\u0440\"]}}]"}}, {"model": "admin.logentry", "pk": 149, "fields": {"action_time": "2024-05-02T08:59:57.510Z", "user": 1, "content_type": 1, "object_id": "1", "object_repr": "Ќаша компани€", "action_flag": 2, "change_message": "[{\"changed\": {\"fields\": [\"\\u041e\\u043f\\u0438\\u0441\\u0430\\u043d\\u0438\\u0435 \\u043a\\u043e\\u043c\\u043f\\u0430\\u043d\\u0438\\u0438\"]}}]"}}, {"model": "admin.logentry", "pk": 150, "fields": {"action_time": "2024-05-02T09:06:06.869Z", "user": 1, "content_type": 10, "object_id": "1", "object_repr": "Ft203.102.118", "action_flag": 2, "change_message": "[{\"changed\": {\"fields\": [\"\\u041e\\u043f\\u0438\\u0441\\u0430\\u043d\\u0438\\u0435\"]}}]"}}, {"model": "admin.logentry", "pk": 151, "fields": {"action_time": "2024-05-03T12:32:36.340Z", "user": 1, "content_type": 2, "object_id": "1", "object_repr": "√аранти€ качества", "action_flag": 2, "change_message": "[{\"changed\": {\"fields\": [\"\\u0418\\u0437\\u043e\\u0431\\u0440\\u0430\\u0436\\u0435\\u043d\\u0438\\u0435 \\u043f\\u0440\\u0435\\u0438\\u043c\\u0443\\u0449\\u0435\\u0441\\u0442\\u0432\\u0430\"]}}]"}}, {"model": "admin.logentry", "pk": 152, "fields": {"action_time": "2024-05-03T12:32:41.766Z", "user": 1, "content_type": 2, "object_id": "2", "object_repr": "ќтсутствие инцидентов", "action_flag": 2, "change_message": "[{\"changed\": {\"fields\": [\"\\u0418\\u0437\\u043e\\u0431\\u0440\\u0430\\u0436\\u0435\\u043d\\u0438\\u0435 \\u043f\\u0440\\u0435\\u0438\\u043c\\u0443\\u0449\\u0435\\u0441\\u0442\\u0432\\u0430\"]}}]"}}, {"model": "admin.logentry", "pk": 153, "fields": {"action_time": "2024-05-03T12:32:47.605Z", "user": 1, "content_type": 2, "object_id": "3", "object_repr": "Ѕольшой выбор", "action_flag": 2, "change_message": "[{\"changed\": {\"fields\": [\"\\u0418\\u0437\\u043e\\u0431\\u0440\\u0430\\u0436\\u0435\\u043d\\u0438\\u0435 \\u043f\\u0440\\u0435\\u0438\\u043c\\u0443\\u0449\\u0435\\u0441\\u0442\\u0432\\u0430\"]}}]"}}, {"model": "admin.logentry", "pk": 154, "fields": {"action_time": "2024-05-03T12:32:52.455Z", "user": 1, "content_type": 2, "object_id": "4", "object_repr": "–азумна€ цена", "action_flag": 2, "change_message": "[{\"changed\": {\"fields\": [\"\\u0418\\u0437\\u043e\\u0431\\u0440\\u0430\\u0436\\u0435\\u043d\\u0438\\u0435 \\u043f\\u0440\\u0435\\u0438\\u043c\\u0443\\u0449\\u0435\\u0441\\u0442\\u0432\\u0430\"]}}]"}}, {"model": "admin.logentry", "pk": 155, "fields": {"action_time": "2024-05-03T13:24:49.490Z", "user": 1, "content_type": 20, "object_id": "8", "object_repr": "ћуфта √–ѕ шарова€ неуправл€ема€", "action_flag": 2, "change_message": "[{\"changed\": {\"fields\": [\"\\u041f\\u043e\\u0437\\u0438\\u0446\\u0438\\u044f\"]}}]"}}, {"model": "admin.logentry", "pk": 156, "fields": {"action_time": "2024-05-03T13:24:53.727Z", "user": 1, "content_type": 20, "object_id": "8", "object_repr": "ћуфта √–ѕ шарова€ неуправл€ема€", "action_flag": 2, "change_message": "[{\"changed\": {\"fields\": [\"\\u041f\\u043e\\u0437\\u0438\\u0446\\u0438\\u044f\"]}}]"}}, {"model": "admin.logentry", "pk": 157, "fields": {"action_time": "2024-05-03T13:27:09.233Z", "user": 1, "content_type": 20, "object_id": "11", "object_repr": "ѕодбор оборудовани€", "action_flag": 2, "change_message": "[{\"changed\": {\"fields\": [\"\\u041f\\u043e\\u0437\\u0438\\u0446\\u0438\\u044f\"]}}]"}}, {"model": "admin.logentry", "pk": 158, "fields": {"action_time": "2024-05-03T13:27:13.147Z", "user": 1, "content_type": 20, "object_id": "12", "object_repr": "ѕодбор комплекта ћ√–ѕ", "action_flag": 2, "change_message": "[]"}}, {"model": "admin.logentry", "pk": 159, "fields": {"action_time": "2024-05-03T13:27:15.917Z", "user": 1, "content_type": 20, "object_id": "9", "object_repr": "ќ компании", "action_flag": 2, "change_message": "[]"}}, {"model": "admin.logentry", "pk": 160, "fields": {"action_time": "2024-05-03T13:27:20.046Z", "user": 1, "content_type": 20, "object_id": "12", "object_repr": "ѕодбор комплекта ћ√–ѕ", "action_flag": 2, "change_message": "[{\"changed\": {\"fields\": [\"\\u041f\\u043e\\u0437\\u0438\\u0446\\u0438\\u044f\"]}}]"}}, {"model": "admin.logentry", "pk": 161, "fields": {"action_time": "2024-05-03T13:27:23.713Z", "user": 1, "content_type": 20, "object_id": "9", "object_repr": "ќ компании", "action_flag": 2, "change_message": "[]"}}, {"model": "admin.logentry", "pk": 162, "fields": {"action_time": "2024-05-03T13:27:25.763Z", "user": 1, "content_type": 20, "object_id": "11", "object_repr": "ѕодбор оборудовани€", "action_flag": 2, "change_message": "[]"}}, {"model": "admin.logentry", "pk": 163, "fields": {"action_time": "2024-05-03T13:27:28.747Z", "user": 1, "content_type": 20, "object_id": "12", "object_repr": "ѕодбор комплекта ћ√–ѕ", "action_flag": 2, "change_message": "[]"}}, {"model": "admin.logentry", "pk": 164, "fields": {"action_time": "2024-05-03T13:27:35.196Z", "user": 1, "content_type": 20, "object_id": "9", "object_repr": "ќ компании", "action_flag": 2, "change_message": "[]"}}, {"model": "admin.logentry", "pk": 165, "fields": {"action_time": "2024-05-03T13:27:37.531Z", "user": 1, "content_type": 20, "object_id": "9", "object_repr": "ќ компании", "action_flag": 2, "change_message": "[]"}}, {"model": "admin.logentry", "pk": 166, "fields": {"action_time": "2024-05-03T13:27:41.898Z", "user": 1, "content_type": 20, "object_id": "11", "object_repr": "ѕодбор оборудовани€", "action_flag": 2, "change_message": "[{\"changed\": {\"fields\": [\"\\u041f\\u043e\\u0437\\u0438\\u0446\\u0438\\u044f\"]}}]"}}, {"model": "admin.logentry", "pk": 167, "fields": {"action_time": "2024-05-03T13:27:46.129Z", "user": 1, "content_type": 20, "object_id": "12", "object_repr": "ѕодбор комплекта ћ√–ѕ", "action_flag": 2, "change_message": "[]"}}, {"model": "admin.logentry", "pk": 168, "fields": {"action_time": "2024-05-03T13:27:51.941Z", "user": 1, "content_type": 20, "object_id": "9", "object_repr": "ќ компании", "action_flag": 2, "change_message": "[{\"changed\": {\"fields\": [\"\\u041f\\u043e\\u0437\\u0438\\u0446\\u0438\\u044f\"]}}]"}}, {"model": "admin.logentry", "pk": 169, "fields": {"action_time": "2024-05-03T13:27:55.909Z", "user": 1, "content_type": 20, "object_id": "10", "object_repr": " онтакты", "action_flag": 2, "change_message": "[{\"changed\": {\"fields\": [\"\\u041f\\u043e\\u0437\\u0438\\u0446\\u0438\\u044f\"]}}]"}}, {"model": "admin.logentry", "pk": 170, "fields": {"action_time": "2024-05-20T08:53:02.168Z", "user": 1, "content_type": 9, "object_id": "1", "object_repr": "ѕакер", "action_flag": 2, "change_message": "[{\"changed\": {\"fields\": [\"\\u041e\\u043f\\u0438\\u0441\\u0430\\u043d\\u0438\\u0435 \\u0434\\u043b\\u044f \\u043f\\u043e\\u0438\\u0441\\u043a\\u043e\\u0432\\u0438\\u043a\\u043e\\u0432, <160 \\u0441\\u0438\\u043c\\u0432\\u043e\\u043b\\u043e\\u0432\", \"\\u041a\\u043b\\u044e\\u0447\\u0435\\u0432\\u044b\\u0435 \\u0441\\u043b\\u043e\\u0432\\u0430 \\u0447\\u0435\\u0440\\u0435\\u0437 \\u0437\\u0430\\u043f\\u044f\\u0442\\u0443\\u044e <10\"]}}]"}}, {"model": "admin.logentry", "pk": 171, "fields": {"action_time": "2024-05-20T08:53:54.877Z", "user": 1, "content_type": 10, "object_id": "1", "object_repr": "Ft203.102.118", "action_flag": 2, "change_message": "[{\"changed\": {\"fields\": [\"\\u041e\\u043f\\u0438\\u0441\\u0430\\u043d\\u0438\\u0435 \\u0434\\u043b\\u044f \\u043f\\u043e\\u0438\\u0441\\u043a\\u043e\\u0432\\u0438\\u043a\\u043e\\u0432, <160 \\u0441\\u0438\\u043c\\u0432\\u043e\\u043b\\u043e\\u0432\", \"\\u041a\\u043b\\u044e\\u0447\\u0435\\u0432\\u044b\\u0435 \\u0441\\u043b\\u043e\\u0432\\u0430 \\u0447\\u0435\\u0440\\u0435\\u0437 \\u0437\\u0430\\u043f\\u044f\\u0442\\u0443\\u044e <10\"]}}]"}}, {"model": "auth.permission", "pk": 1, "fields": {"name": "Can add ќ нас", "content_type": 1, "codename": "add_about"}}, {"model": "auth.permission", "pk": 2, "fields": {"name": "Can change ќ нас", "content_type": 1, "codename": "change_about"}}, {"model": "auth.permission", "pk": 3, "fields": {"name": "Can delete ќ нас", "content_type": 1, "codename": "delete_about"}}, {"model": "auth.permission", "pk": 4, "fields": {"name": "Can view ќ нас", "content_type": 1, "codename": "view_about"}}, {"model": "auth.permission", "pk": 5, "fields": {"name": "Can add Ќаше преимущество", "content_type": 2, "codename": "add_advantages"}}, {"model": "auth.permission", "pk": 6, "fields": {"name": "Can change Ќаше преимущество", "content_type": 2, "codename": "change_advantages"}}, {"model": "auth.permission", "pk": 7, "fields": {"name": "Can delete Ќаше преимущество", "content_type": 2, "codename": "delete_advantages"}}, {"model": "auth.permission", "pk": 8, "fields": {"name": "Can view Ќаше преимущество", "content_type": 2, "codename": "view_advantages"}}, {"model": "auth.permission", "pk": 9, "fields": {"name": "Can add  онтакт", "content_type": 3, "codename": "add_contacts"}}, {"model": "auth.permission", "pk": 10, "fields": {"name": "Can change  онтакт", "content_type": 3, "codename": "change_contacts"}}, {"model": "auth.permission", "pk": 11, "fields": {"name": "Can delete  онтакт", "content_type": 3, "codename": "delete_contacts"}}, {"model": "auth.permission", "pk": 12, "fields": {"name": "Can view  онтакт", "content_type": 3, "codename": "view_contacts"}}, {"model": "auth.permission", "pk": 13, "fields": {"name": "Can add ”словный диаметр колонны", "content_type": 4, "codename": "add_diametercolumn"}}, {"model": "auth.permission", "pk": 14, "fields": {"name": "Can change ”словный диаметр колонны", "content_type": 4, "codename": "change_diametercolumn"}}, {"model": "auth.permission", "pk": 15, "fields": {"name": "Can delete ”словный диаметр колонны", "content_type": 4, "codename": "delete_diametercolumn"}}, {"model": "auth.permission", "pk": 16, "fields": {"name": "Can view ”словный диаметр колонны", "content_type": 4, "codename": "view_diametercolumn"}}, {"model": "auth.permission", "pk": 17, "fields": {"name": "Can add ƒиаметр открытого ствола", "content_type": 5, "codename": "add_diameteropenborehole"}}, {"model": "auth.permission", "pk": 18, "fields": {"name": "Can change ƒиаметр открытого ствола", "content_type": 5, "codename": "change_diameteropenborehole"}}, {"model": "auth.permission", "pk": 19, "fields": {"name": "Can delete ƒиаметр открытого ствола", "content_type": 5, "codename": "delete_diameteropenborehole"}}, {"model": "auth.permission", "pk": 20, "fields": {"name": "Can view ƒиаметр открытого ствола", "content_type": 5, "codename": "view_diameteropenborehole"}}, {"model": "auth.permission", "pk": 21, "fields": {"name": "Can add ”словный диаметр хвостовика", "content_type": 6, "codename": "add_diametershank"}}, {"model": "auth.permission", "pk": 22, "fields": {"name": "Can change ”словный диаметр хвостовика", "content_type": 6, "codename": "change_diametershank"}}, {"model": "auth.permission", "pk": 23, "fields": {"name": "Can delete ”словный диаметр хвостовика", "content_type": 6, "codename": "delete_diametershank"}}, {"model": "auth.permission", "pk": 24, "fields": {"name": "Can view ”словный диаметр хвостовика", "content_type": 6, "codename": "view_diametershank"}}, {"model": "auth.permission", "pk": 25, "fields": {"name": "Can add √лавна€ страница", "content_type": 7, "codename": "add_mainpage"}}, {"model": "auth.permission", "pk": 26, "fields": {"name": "Can change √лавна€ страница", "content_type": 7, "codename": "change_mainpage"}}, {"model": "auth.permission", "pk": 27, "fields": {"name": "Can delete √лавна€ страница", "content_type": 7, "codename": "delete_mainpage"}}, {"model": "auth.permission", "pk": 28, "fields": {"name": "Can view √лавна€ страница", "content_type": 7, "codename": "view_mainpage"}}, {"model": "auth.permission", "pk": 29, "fields": {"name": "Can add Ќаш партнЄр", "content_type": 8, "codename": "add_partner"}}, {"model": "auth.permission", "pk": 30, "fields": {"name": "Can change Ќаш партнЄр", "content_type": 8, "codename": "change_partner"}}, {"model": "auth.permission", "pk": 31, "fields": {"name": "Can delete Ќаш партнЄр", "content_type": 8, "codename": "delete_partner"}}, {"model": "auth.permission", "pk": 32, "fields": {"name": "Can view Ќаш партнЄр", "content_type": 8, "codename": "view_partner"}}, {"model": "auth.permission", "pk": 33, "fields": {"name": "Can add “ип оборудовани€", "content_type": 9, "codename": "add_type"}}, {"model": "auth.permission", "pk": 34, "fields": {"name": "Can change “ип оборудовани€", "content_type": 9, "codename": "change_type"}}, {"model": "auth.permission", "pk": 35, "fields": {"name": "Can delete “ип оборудовани€", "content_type": 9, "codename": "delete_type"}}, {"model": "auth.permission", "pk": 36, "fields": {"name": "Can view “ип оборудовани€", "content_type": 9, "codename": "view_type"}}, {"model": "auth.permission", "pk": 37, "fields": {"name": "Can add ќборудование", "content_type": 10, "codename": "add_рroduct"}}, {"model": "auth.permission", "pk": 38, "fields": {"name": "Can change ќборудование", "content_type": 10, "codename": "change_рroduct"}}, {"model": "auth.permission", "pk": 39, "fields": {"name": "Can delete ќборудование", "content_type": 10, "codename": "delete_рroduct"}}, {"model": "auth.permission", "pk": 40, "fields": {"name": "Can view ќборудование", "content_type": 10, "codename": "view_рroduct"}}, {"model": "auth.permission", "pk": 41, "fields": {"name": "Can add —тоимость продукции", "content_type": 11, "codename": "add_priceproduct"}}, {"model": "auth.permission", "pk": 42, "fields": {"name": "Can change —тоимость продукции", "content_type": 11, "codename": "change_priceproduct"}}, {"model": "auth.permission", "pk": 43, "fields": {"name": "Can delete —тоимость продукции", "content_type": 11, "codename": "delete_priceproduct"}}, {"model": "auth.permission", "pk": 44, "fields": {"name": "Can view —тоимость продукции", "content_type": 11, "codename": "view_priceproduct"}}, {"model": "auth.permission", "pk": 45, "fields": {"name": "Can add log entry", "content_type": 12, "codename": "add_logentry"}}, {"model": "auth.permission", "pk": 46, "fields": {"name": "Can change log entry", "content_type": 12, "codename": "change_logentry"}}, {"model": "auth.permission", "pk": 47, "fields": {"name": "Can delete log entry", "content_type": 12, "codename": "delete_logentry"}}, {"model": "auth.permission", "pk": 48, "fields": {"name": "Can view log entry", "content_type": 12, "codename": "view_logentry"}}, {"model": "auth.permission", "pk": 49, "fields": {"name": "Can add permission", "content_type": 13, "codename": "add_permission"}}, {"model": "auth.permission", "pk": 50, "fields": {"name": "Can change permission", "content_type": 13, "codename": "change_permission"}}, {"model": "auth.permission", "pk": 51, "fields": {"name": "Can delete permission", "content_type": 13, "codename": "delete_permission"}}, {"model": "auth.permission", "pk": 52, "fields": {"name": "Can view permission", "content_type": 13, "codename": "view_permission"}}, {"model": "auth.permission", "pk": 53, "fields": {"name": "Can add group", "content_type": 14, "codename": "add_group"}}, {"model": "auth.permission", "pk": 54, "fields": {"name": "Can change group", "content_type": 14, "codename": "change_group"}}, {"model": "auth.permission", "pk": 55, "fields": {"name": "Can delete group", "content_type": 14, "codename": "delete_group"}}, {"model": "auth.permission", "pk": 56, "fields": {"name": "Can view group", "content_type": 14, "codename": "view_group"}}, {"model": "auth.permission", "pk": 57, "fields": {"name": "Can add user", "content_type": 15, "codename": "add_user"}}, {"model": "auth.permission", "pk": 58, "fields": {"name": "Can change user", "content_type": 15, "codename": "change_user"}}, {"model": "auth.permission", "pk": 59, "fields": {"name": "Can delete user", "content_type": 15, "codename": "delete_user"}}, {"model": "auth.permission", "pk": 60, "fields": {"name": "Can view user", "content_type": 15, "codename": "view_user"}}, {"model": "auth.permission", "pk": 61, "fields": {"name": "Can add content type", "content_type": 16, "codename": "add_contenttype"}}, {"model": "auth.permission", "pk": 62, "fields": {"name": "Can change content type", "content_type": 16, "codename": "change_contenttype"}}, {"model": "auth.permission", "pk": 63, "fields": {"name": "Can delete content type", "content_type": 16, "codename": "delete_contenttype"}}, {"model": "auth.permission", "pk": 64, "fields": {"name": "Can view content type", "content_type": 16, "codename": "view_contenttype"}}, {"model": "auth.permission", "pk": 65, "fields": {"name": "Can add session", "content_type": 17, "codename": "add_session"}}, {"model": "auth.permission", "pk": 66, "fields": {"name": "Can change session", "content_type": 17, "codename": "change_session"}}, {"model": "auth.permission", "pk": 67, "fields": {"name": "Can delete session", "content_type": 17, "codename": "delete_session"}}, {"model": "auth.permission", "pk": 68, "fields": {"name": "Can view session", "content_type": 17, "codename": "view_session"}}, {"model": "auth.permission", "pk": 69, "fields": {"name": "Can add contact", "content_type": 18, "codename": "add_contact"}}, {"model": "auth.permission", "pk": 70, "fields": {"name": "Can change contact", "content_type": 18, "codename": "change_contact"}}, {"model": "auth.permission", "pk": 71, "fields": {"name": "Can delete contact", "content_type": 18, "codename": "delete_contact"}}, {"model": "auth.permission", "pk": 72, "fields": {"name": "Can view contact", "content_type": 18, "codename": "view_contact"}}, {"model": "auth.permission", "pk": 73, "fields": {"name": "Can add kv store", "content_type": 19, "codename": "add_kvstore"}}, {"model": "auth.permission", "pk": 74, "fields": {"name": "Can change kv store", "content_type": 19, "codename": "change_kvstore"}}, {"model": "auth.permission", "pk": 75, "fields": {"name": "Can delete kv store", "content_type": 19, "codename": "delete_kvstore"}}, {"model": "auth.permission", "pk": 76, "fields": {"name": "Can view kv store", "content_type": 19, "codename": "view_kvstore"}}, {"model": "auth.permission", "pk": 77, "fields": {"name": "Can add ќборудование", "content_type": 10, "codename": "add_product"}}, {"model": "auth.permission", "pk": 78, "fields": {"name": "Can change ќборудование", "content_type": 10, "codename": "change_product"}}, {"model": "auth.permission", "pk": 79, "fields": {"name": "Can delete ќборудование", "content_type": 10, "codename": "delete_product"}}, {"model": "auth.permission", "pk": 80, "fields": {"name": "Can view ќборудование", "content_type": 10, "codename": "view_product"}}, {"model": "auth.permission", "pk": 81, "fields": {"name": "Can add ѕункт меню", "content_type": 20, "codename": "add_menuitem"}}, {"model": "auth.permission", "pk": 82, "fields": {"name": "Can change ѕункт меню", "content_type": 20, "codename": "change_menuitem"}}, {"model": "auth.permission", "pk": 83, "fields": {"name": "Can delete ѕункт меню", "content_type": 20, "codename": "delete_menuitem"}}, {"model": "auth.permission", "pk": 84, "fields": {"name": "Can view ѕункт меню", "content_type": 20, "codename": "view_menuitem"}}, {"model": "auth.permission", "pk": 85, "fields": {"name": "Can add contact search", "content_type": 21, "codename": "add_contactsearch"}}, {"model": "auth.permission", "pk": 86, "fields": {"name": "Can change contact search", "content_type": 21, "codename": "change_contactsearch"}}, {"model": "auth.permission", "pk": 87, "fields": {"name": "Can delete contact search", "content_type": 21, "codename": "delete_contactsearch"}}, {"model": "auth.permission", "pk": 88, "fields": {"name": "Can view contact search", "content_type": 21, "codename": "view_contactsearch"}}, {"model": "auth.user", "pk": 1, "fields": {"password": "pbkdf2_sha256$260000$qdbgZqCMPO5pwBj97hTJWE$yaRbqEYDLxyoSDkreZIjIYI+T15aaA5YeCXsrUq8nNI=", "last_login": "2024-05-20T08:52:33.540Z", "is_superuser": true, "username": "admin", "first_name": "", "last_name": "", "email": "admin@grpi.ru", "is_staff": true, "is_active": true, "date_joined": "2024-04-17T14:30:40.265Z", "groups": [], "user_permissions": []}}, {"model": "contenttypes.contenttype", "pk": 1, "fields": {"app_label": "website", "model": "about"}}, {"model": "contenttypes.contenttype", "pk": 2, "fields": {"app_label": "website", "model": "advantages"}}, {"model": "contenttypes.contenttype", "pk": 3, "fields": {"app_label": "website", "model": "contacts"}}, {"model": "contenttypes.contenttype", "pk": 4, "fields": {"app_label": "website", "model": "diametercolumn"}}, {"model": "contenttypes.contenttype", "pk": 5, "fields": {"app_label": "website", "model": "diameteropenborehole"}}, {"model": "contenttypes.contenttype", "pk": 6, "fields": {"app_label": "website", "model": "diametershank"}}, {"model": "contenttypes.contenttype", "pk": 7, "fields": {"app_label": "website", "model": "mainpage"}}, {"model": "contenttypes.contenttype", "pk": 8, "fields": {"app_label": "website", "model": "partner"}}, {"model": "contenttypes.contenttype", "pk": 9, "fields": {"app_label": "website", "model": "type"}}, {"model": "contenttypes.contenttype", "pk": 10, "fields": {"app_label": "website", "model": "product"}}, {"model": "contenttypes.contenttype", "pk": 11, "fields": {"app_label": "website", "model": "priceproduct"}}, {"model": "contenttypes.contenttype", "pk": 12, "fields": {"app_label": "admin", "model": "logentry"}}, {"model": "contenttypes.contenttype", "pk": 13, "fields": {"app_label": "auth", "model": "permission"}}, {"model": "contenttypes.contenttype", "pk": 14, "fields": {"app_label": "auth", "model": "group"}}, {"model": "contenttypes.contenttype", "pk": 15, "fields": {"app_label": "auth", "model": "user"}}, {"model": "contenttypes.contenttype", "pk": 16, "fields": {"app_label": "contenttypes", "model": "contenttype"}}, {"model": "contenttypes.contenttype", "pk": 17, "fields": {"app_label": "sessions", "model": "session"}}, {"model": "contenttypes.contenttype", "pk": 18, "fields": {"app_label": "core", "model": "contact"}}, {"model": "contenttypes.contenttype", "pk": 19, "fields": {"app_label": "thumbnail", "model": "kvstore"}}, {"model": "contenttypes.contenttype", "pk": 20, "fields": {"app_label": "core", "model": "menuitem"}}, {"model": "contenttypes.contenttype", "pk": 21, "fields": {"app_label": "calculator", "model": "contactsearch"}}, {"model": "sessions.session", "pk": "hxggsodhhgooq7gc5ltw69cfbbrp2szu", "fields": {"session_data": ".eJxVjDsOwjAQRO_iGln4g-1Q0ucM1qzXxgGUSHFSIe5OIqWAZop5b-YtItalxrXlOQ4srkKJ029HSM887oAfGO-TTNO4zAPJXZEHbbKfOL9uh_t3UNHqti5WBb5AwyBQ8dbBaGvY56TPXDTYwHekqDA7u0Xy6CjAw7rChTrx-QIH4DmA:1rx6MA:dx7zD0TR99epwPghAmhltPItvwYcEOGQuj9TKOhLHMc", "expire_date": "2024-05-01T14:33:50.655Z"}}, {"model": "sessions.session", "pk": "j16ppu0t1sywxkufeaquic89uc0ljv5o", "fields": {"session_data": ".eJxVjDsOwjAQRO_iGln4g-1Q0ucM1qzXxgGUSHFSIe5OIqWAZop5b-YtItalxrXlOQ4srkKJ029HSM887oAfGO-TTNO4zAPJXZEHbbKfOL9uh_t3UNHqti5WBb5AwyBQ8dbBaGvY56TPXDTYwHekqDA7u0Xy6CjAw7rChTrx-QIH4DmA:1s2RGq:48EA7fIjj6pPA6V2w4i__1aHtUScoNt-TPUqvUUT0Us", "expire_date": "2024-05-16T07:54:24.077Z"}}, {"model": "sessions.session", "pk": "r68ugq66q2qf6kg53ki46wz71ag4y9p7", "fields": {"session_data": ".eJxVjDsOwjAQRO_iGln4g-1Q0ucM1qzXxgGUSHFSIe5OIqWAZop5b-YtItalxrXlOQ4srkKJ029HSM887oAfGO-TTNO4zAPJXZEHbbKfOL9uh_t3UNHqti5WBb5AwyBQ8dbBaGvY56TPXDTYwHekqDA7u0Xy6CjAw7rChTrx-QIH4DmA:1s8ykz:9NdKs8O7PvEcH3fkYnTh7DrcHZdfcb97iqkemDtwd-s", "expire_date": "2024-06-03T08:52:33.609Z"}}, {"model": "thumbnail.kvstore", "pk": "sorl-thumbnail||image||209aed7d75d3cddf9d19bebe0114a857", "fields": {"value": "{\"name\": \"cache/ce/b8/ceb80f66880c39336843079a1f42c3a1.jpg\", \"storage\": \"django.core.files.storage.FileSystemStorage\", \"size\": [144, 148]}"}}, {"model": "thumbnail.kvstore", "pk": "sorl-thumbnail||image||38ec2b87fe205fbc4dea2ac29361a441", "fields": {"value": "{\"name\": \"website/2.png\", \"storage\": \"django.core.files.storage.FileSystemStorage\", \"size\": [577, 594]}"}}, {"model": "thumbnail.kvstore", "pk": "sorl-thumbnail||image||691c6a52093791fedaea9b090caa5e45", "fields": {"value": "{\"name\": \"cache/65/0e/650ec16cbc9ec072a7c1699d643ccce5.jpg\", \"storage\": \"django.core.files.storage.FileSystemStorage\", \"size\": [144, 148]}"}}, {"model": "thumbnail.kvstore", "pk": "sorl-thumbnail||image||6a2ba390a4331a3f1510da01797c20bd", "fields": {"value": "{\"name\": \"website/1.png\", \"storage\": \"django.core.files.storage.FileSystemStorage\", \"size\": [577, 594]}"}}, {"model": "thumbnail.kvstore", "pk": "sorl-thumbnail||image||76337002300d06240cf89c1b7466cb03", "fields": {"value": "{\"name\": \"cache/cd/a0/cda00bbb413893eaa5d70edc3141e0c1.jpg\", \"storage\": \"django.core.files.storage.FileSystemStorage\", \"size\": [144, 148]}"}}, {"model": "thumbnail.kvstore", "pk": "sorl-thumbnail||image||8637929050617618637b9f72278bee93", "fields": {"value": "{\"name\": \"cache/a8/a4/a8a4fd6879641107df1e8ca49c9ac97c.jpg\", \"storage\": \"django.core.files.storage.FileSystemStorage\", \"size\": [144, 148]}"}}, {"model": "thumbnail.kvstore", "pk": "sorl-thumbnail||image||9878fb8adac6d84f6b3ea8e5cdd8ed27", "fields": {"value": "{\"name\": \"website/3.png\", \"storage\": \"django.core.files.storage.FileSystemStorage\", \"size\": [577, 594]}"}}, {"model": "thumbnail.kvstore", "pk": "sorl-thumbnail||image||9aa011bcd5ca2e4a2a7b188520fad4c2", "fields": {"value": "{\"name\": \"website/4.png\", \"storage\": \"django.core.files.storage.FileSystemStorage\", \"size\": [577, 594]}"}}, {"model": "thumbnail.kvstore", "pk": "sorl-thumbnail||image||a5d62d6c4aaaa1ab4a17e64544032dbf", "fields": {"value": "{\"name\": \"cache/64/65/6465a6d40a0e1f8b0769d19a3e9f63b6.jpg\", \"storage\": \"django.core.files.storage.FileSystemStorage\", \"size\": [144, 148]}"}}, {"model": "thumbnail.kvstore", "pk": "sorl-thumbnail||image||accb025903bbc4b6bf19f79b70b6e4e6", "fields": {"value": "{\"name\": \"cache/cd/b2/cdb22fda53bbe1f6b20c9d93140073b8.jpg\", \"storage\": \"django.core.files.storage.FileSystemStorage\", \"size\": [144, 148]}"}}, {"model": "thumbnail.kvstore", "pk": "sorl-thumbnail||image||d9c1d4a4847350e6af60607c933ecf4a", "fields": {"value": "{\"name\": \"cache/86/10/86103de016d57af02a7fe0c3d4474453.jpg\", \"storage\": \"django.core.files.storage.FileSystemStorage\", \"size\": [144, 148]}"}}, {"model": "thumbnail.kvstore", "pk": "sorl-thumbnail||image||deed5d63bb701b183443e45d70ee9cd4", "fields": {"value": "{\"name\": \"cache/49/f3/49f33679a7b5345839885a4993677a39.jpg\", \"storage\": \"django.core.files.storage.FileSystemStorage\", \"size\": [144, 148]}"}}, {"model": "thumbnail.kvstore", "pk": "sorl-thumbnail||thumbnails||38ec2b87fe205fbc4dea2ac29361a441", "fields": {"value": "[\"8637929050617618637b9f72278bee93\", \"76337002300d06240cf89c1b7466cb03\"]"}}, {"model": "thumbnail.kvstore", "pk": "sorl-thumbnail||thumbnails||6a2ba390a4331a3f1510da01797c20bd", "fields": {"value": "[\"209aed7d75d3cddf9d19bebe0114a857\", \"a5d62d6c4aaaa1ab4a17e64544032dbf\"]"}}, {"model": "thumbnail.kvstore", "pk": "sorl-thumbnail||thumbnails||9878fb8adac6d84f6b3ea8e5cdd8ed27", "fields": {"value": "[\"691c6a52093791fedaea9b090caa5e45\", \"d9c1d4a4847350e6af60607c933ecf4a\"]"}}, {"model": "thumbnail.kvstore", "pk": "sorl-thumbnail||thumbnails||9aa011bcd5ca2e4a2a7b188520fad4c2", "fields": {"value": "[\"accb025903bbc4b6bf19f79b70b6e4e6\", \"deed5d63bb701b183443e45d70ee9cd4\"]"}}]